id,carat,cut,color,clarity,depth,table,x,y,z,price
0,,Premium,,IF,62.4,61.0,6.38,6.41,3.99,8501
1,,Ideal,F,VS2,61.2,56.0,7.38,7.44,4.54,14777
2,1.14,Very Good,H,SI2,61.7,62.0,6.62,6.69,4.11,4842
3,0.41,Premium,G,VS2,59.9,57.0,4.81,4.84,2.89,1061
4,1.06,Ideal,E,SI2,61.8,55.0,6.53,6.55,4.04,4511
5,,Ideal,F,VS2,61.8,55.0,4.36,4.38,2.7,660
6,1.37,Ideal,,VS2,61.9,55.0,7.14,7.1,4.41,8033
7,0.51,Ideal,,SI1,60.7,55.0,5.15,5.22,3.15,1415
8,,Ideal,F,VS2,62.2,57.0,7.59,7.62,4.73,16792
9,1.1,Very Good,,VS2,63.1,57.0,6.53,6.58,4.13,6593
10,1.36,Very Good,J,SI1,62.0,57.0,7.1,7.14,4.4,5543
11,0.65,Premium,E,SI2,61.9,60.0,5.53,5.49,3.42,1918
12,0.7,Ideal,D,SI1,62.3,56.0,5.68,5.65,3.53,2575
13,0.27,Ideal,,VS1,61.9,55.0,4.17,4.2,2.59,536
14,1.02,Premium,G,SI1,60.4,61.0,6.5,6.46,3.92,4318
15,,Good,F,SI1,63.9,55.0,7.5,7.54,4.82,12112
16,,Ideal,,VVS2,61.9,54.0,4.38,4.44,2.73,827
17,1.5,Very Good,G,SI2,62.0,56.0,7.25,7.33,4.52,9970
18,0.51,Premium,D,SI1,59.7,59.0,5.19,5.14,3.07,1881
19,0.31,Very Good,H,VS2,63.0,58.0,4.28,4.31,2.71,435
20,0.32,Ideal,G,SI1,60.9,55.0,4.42,4.45,2.7,477
21,1.62,Ideal,F,VS2,61.2,56.0,7.6,7.57,4.65,14256
22,,Premium,,VS2,62.0,59.0,4.27,4.3,2.65,506
23,0.56,Ideal,H,SI1,62.6,55.0,5.3,5.25,3.3,1250
24,0.35,Ideal,F,IF,61.3,56.0,4.57,4.52,2.79,1163
25,0.31,Ideal,D,VS2,61.8,55.0,4.38,4.37,2.7,942
26,1.02,Ideal,F,VVS2,61.2,55.0,6.53,6.49,3.99,9894
27,2.14,Premium,J,VS1,61.1,60.0,8.36,8.31,5.09,12723
28,0.33,Ideal,E,VVS1,61.8,55.0,4.46,4.48,2.76,977
29,,Premium,,VS1,61.9,59.0,4.3,4.26,2.65,624
30,0.31,Premium,G,VS1,62.5,59.0,4.28,4.31,2.68,625
31,1.01,Good,,SI2,64.1,59.0,6.27,6.34,4.04,4241
32,2.14,Premium,G,SI2,60.4,59.0,8.33,8.38,5.06,17186
33,0.54,Ideal,F,VS2,61.8,56.0,5.29,5.24,3.25,1586
34,1.71,Very Good,H,VS1,61.5,57.0,7.69,7.74,4.75,13904
35,2.03,Ideal,G,SI2,61.4,60.0,8.16,8.1,5.0,15843
36,0.35,Premium,D,SI2,59.8,60.0,4.61,4.57,2.74,663
37,0.52,Ideal,D,SI1,60.4,57.0,5.22,5.24,3.16,1720
38,0.53,Ideal,D,VS2,61.2,54.0,5.25,5.23,3.22,1752
39,,Ideal,H,SI1,61.6,56.0,6.73,6.66,4.12,5783
40,,Premium,D,VS1,60.7,59.0,5.7,5.74,3.46,3170
41,0.38,Ideal,E,VS2,60.9,57.0,4.7,4.73,2.86,1034
42,1.03,Fair,H,VS2,65.3,59.0,6.35,6.29,4.14,4521
43,0.71,Very Good,J,VS1,61.6,56.0,5.7,5.73,3.52,2036
44,1.52,Ideal,I,VS2,62.7,57.0,7.38,7.3,4.59,10012
45,0.33,Ideal,,VS2,61.6,55.0,4.41,4.43,2.73,579
46,1.06,Ideal,G,VS1,61.8,56.0,6.51,6.55,4.03,7291
47,0.31,Ideal,G,IF,61.2,56.0,4.4,4.42,2.69,895
48,0.33,Ideal,H,VVS1,62.1,55.0,4.46,4.43,2.77,714
49,,Ideal,D,SI1,62.7,55.0,4.36,4.38,2.74,756
50,1.01,Good,F,VS2,60.2,62.0,6.53,6.58,3.94,6332
51,0.91,Very Good,E,VS2,61.4,58.0,6.19,6.25,3.82,4679
52,0.3,Premium,G,VS1,62.0,58.0,4.29,4.33,2.67,605
53,1.12,Premium,H,VS2,61.9,60.0,6.61,6.67,4.1,5805
54,1.0,Very Good,F,SI2,59.5,65.0,6.53,6.56,3.9,3858
55,,Ideal,I,SI1,60.8,56.0,5.73,5.76,3.5,2201
56,0.8,Ideal,E,SI1,62.2,56.0,5.91,5.95,3.69,3384
57,,Ideal,,SI2,62.1,56.0,6.38,6.36,3.96,4640
58,1.01,Premium,E,VS2,61.6,58.0,6.44,6.49,3.98,5882
59,1.59,Ideal,G,VS2,62.3,56.0,7.43,7.45,4.64,16068
60,0.7,Premium,,SI1,61.9,60.0,5.73,5.7,3.54,2403
61,0.71,Good,D,SI1,59.3,56.0,5.82,5.85,3.47,3093
62,1.15,Ideal,,SI1,62.7,55.0,6.72,6.67,4.21,6746
63,0.3,Ideal,H,VS2,62.0,56.0,4.33,4.31,2.67,521
64,1.53,Ideal,I,VS2,61.6,56.0,7.39,7.46,4.56,9858
65,0.33,Ideal,F,VVS2,62.0,55.0,4.45,4.47,2.76,752
66,0.37,Ideal,F,VS2,61.4,56.0,4.65,4.62,2.85,803
67,0.59,Ideal,E,VS2,61.5,59.0,5.41,5.37,3.32,1919
68,,Ideal,E,VVS2,61.6,57.0,5.37,5.42,3.32,2215
69,,Ideal,F,VVS2,61.8,55.0,4.79,4.77,2.95,931
70,1.01,Premium,F,VS2,62.0,62.0,6.36,6.39,3.95,8426
71,,Ideal,F,VVS1,62.4,53.0,4.77,4.79,2.98,1295
72,1.13,Good,H,SI1,63.2,60.0,6.58,6.63,4.17,4913
73,0.32,Ideal,D,VVS2,61.1,56.0,4.42,4.41,2.7,1041
74,1.5,Premium,D,SI2,62.2,59.0,7.25,7.29,4.53,9738
75,,Ideal,G,SI1,62.1,56.0,5.38,5.4,3.34,1446
76,0.6,Ideal,G,VS2,61.6,55.0,5.42,5.46,3.35,1616
77,,Ideal,G,SI2,62.3,57.0,8.2,8.14,5.07,15992
78,0.3,Very Good,E,VVS2,63.0,56.0,4.26,4.3,2.7,766
79,0.32,Premium,,VS2,59.8,58.0,4.46,4.49,2.67,720
80,1.14,Premium,,VS2,61.1,58.0,6.75,6.72,4.11,6843
81,0.41,Very Good,G,VS2,62.9,56.0,4.7,4.75,2.97,863
82,0.31,Ideal,D,SI1,61.8,56.0,4.32,4.35,2.68,571
83,,Ideal,G,VS2,62.0,57.0,5.16,5.19,3.21,1607
84,,Ideal,F,VS2,59.9,57.0,7.59,7.62,4.55,12530
85,1.05,Premium,H,SI1,62.4,60.0,6.44,6.41,4.01,4831
86,,Premium,,VS2,62.0,58.0,6.39,6.44,3.98,5250
87,1.0,Premium,G,VVS2,59.7,61.0,6.48,6.5,3.88,6640
88,1.01,Very Good,G,VVS2,63.1,57.0,6.38,6.35,4.02,7286
89,0.31,Ideal,,VS2,62.2,56.0,4.32,4.36,2.7,507
90,0.53,Good,F,SI1,58.2,61.0,5.31,5.38,3.1,1274
91,0.7,Ideal,,SI1,61.4,56.0,5.74,5.77,3.53,3036
92,1.2,Ideal,G,VVS2,62.6,57.0,6.75,6.8,4.23,9127
93,0.34,Premium,G,VS2,60.9,58.0,4.56,4.54,2.78,765
94,0.31,Ideal,D,SI1,62.1,55.0,4.39,4.35,2.71,661
95,0.53,Ideal,,VVS2,60.8,56.0,5.24,5.27,3.19,1985
96,0.51,Ideal,D,VS2,61.4,56.0,5.21,5.18,3.19,1845
97,0.73,Ideal,,SI1,61.2,56.0,5.8,5.82,3.56,2513
98,2.2,Ideal,J,VS2,60.5,57.0,8.45,8.42,5.1,12907
99,0.72,Very Good,H,SI1,63.1,58.0,5.67,5.71,3.59,2106
100,,Premium,G,SI1,59.2,58.0,7.54,7.45,4.43,10197
101,0.53,Ideal,G,VVS2,61.8,56.0,5.22,5.2,3.22,1908
102,0.43,Good,D,SI2,63.2,58.0,4.83,4.77,3.03,716
103,1.01,Very Good,,VS2,63.5,57.0,6.37,6.4,4.05,5746
104,0.71,Very Good,F,VVS2,59.7,60.0,5.75,5.79,3.44,3064
105,1.01,Very Good,G,SI2,63.1,58.0,6.31,6.34,3.99,4101
106,0.53,Ideal,F,VS2,61.9,57.0,5.23,5.2,3.22,1832
107,0.74,Ideal,F,VVS1,61.2,56.0,5.81,5.89,3.57,3667
108,,Very Good,H,VS1,61.4,57.0,5.16,5.21,3.19,1133
109,0.7,Premium,D,SI1,61.7,60.0,5.66,5.7,3.51,3048
110,0.41,Ideal,J,VS1,61.6,57.0,4.82,4.79,2.96,830
111,,Ideal,D,SI1,62.8,56.0,6.35,6.36,3.99,5966
112,1.21,Ideal,,SI1,62.5,57.0,6.77,6.8,4.23,6511
113,1.03,Very Good,F,VS1,60.6,55.0,6.57,6.54,3.97,7513
114,0.31,Ideal,F,VS2,61.9,57.0,4.32,4.36,2.69,625
115,0.32,Premium,G,VS2,60.3,60.0,4.43,4.39,2.66,561
116,1.01,Premium,,SI2,62.6,59.0,6.39,6.33,3.97,4916
117,1.18,Premium,H,SI2,62.6,58.0,6.81,6.77,4.25,5916
118,0.93,Ideal,I,SI2,62.1,56.0,6.22,6.26,3.87,3359
119,2.0,Premium,,SI2,61.7,59.0,8.07,8.03,4.96,14120
120,1.02,Premium,G,VS1,62.5,59.0,6.36,6.43,4.0,6499
121,0.47,Premium,F,SI2,60.9,60.0,5.0,5.03,3.05,1030
122,1.75,Ideal,E,SI2,61.8,57.0,7.73,7.69,4.76,11705
123,2.05,Premium,J,SI2,60.8,58.0,8.13,8.23,4.97,11314
124,,Ideal,,VS2,61.6,55.0,5.18,5.2,3.2,1667
125,1.01,Very Good,G,VS2,63.1,57.0,6.34,6.41,4.02,6369
126,0.4,Ideal,F,VVS2,62.6,53.0,4.73,4.77,2.97,977
127,1.61,Premium,F,VS2,61.4,59.0,7.54,7.57,4.64,14171
128,0.7,Ideal,I,VS2,61.6,56.0,5.71,5.74,3.54,2276
129,0.3,Premium,G,VVS1,62.0,58.0,4.29,4.32,2.67,761
130,2.02,Premium,G,SI2,62.2,60.0,8.14,8.09,5.04,12377
131,1.18,Ideal,F,VVS1,60.8,57.0,6.82,6.86,4.16,11946
132,0.53,Ideal,,VS2,61.4,55.0,5.21,5.26,3.22,1439
133,1.5,Premium,,SI2,62.7,59.0,7.33,7.25,4.57,6026
134,,Premium,D,SI1,62.6,58.0,4.49,4.54,2.83,644
135,1.03,Ideal,J,SI1,61.9,55.0,6.46,6.49,4.01,4221
136,0.52,Premium,E,SI2,62.2,57.0,5.14,5.11,3.18,1088
137,1.15,Ideal,E,VS2,62.3,56.0,6.71,6.72,4.18,9177
138,1.19,Ideal,I,SI2,62.0,56.0,6.81,6.78,4.22,4929
139,1.3,Premium,,SI2,61.9,59.0,6.92,6.87,4.27,6096
140,1.02,Premium,E,VS2,60.1,58.0,6.55,6.59,3.94,6825
141,0.39,Ideal,F,SI1,60.8,56.0,4.74,4.78,2.9,926
142,,Ideal,G,VS2,62.6,53.0,4.6,4.64,2.89,710
143,,Premium,G,VS2,61.4,58.0,5.73,5.78,3.53,2633
144,,Premium,I,SI1,62.2,59.0,6.68,6.72,4.17,5321
145,1.27,Ideal,I,SI1,62.0,57.0,6.92,6.88,4.27,5607
146,1.62,Ideal,G,VS2,61.4,57.0,7.57,7.53,4.64,15132
147,0.41,Very Good,G,VS1,62.3,56.0,4.76,4.77,2.97,899
148,0.72,Ideal,E,VS1,62.0,54.0,5.76,5.8,3.58,3345
149,,Ideal,H,VS1,61.7,56.0,5.74,5.77,3.55,3167
150,1.03,Premium,G,SI2,61.1,58.0,6.52,6.46,3.97,4277
151,0.32,Ideal,,VS2,60.2,57.0,4.41,4.42,2.66,624
152,0.56,Good,E,VS2,63.1,62.0,5.18,5.23,3.28,1684
153,,Premium,J,VS2,63.0,58.0,6.88,6.92,4.35,4989
154,,Ideal,,VS1,62.5,56.0,6.88,6.92,4.32,7816
155,0.3,Premium,H,VS2,61.2,61.0,4.28,4.23,2.6,446
156,,Ideal,G,VS1,61.5,57.0,7.33,7.37,4.52,14505
157,1.5,Ideal,G,VVS2,61.6,57.0,7.36,7.4,4.54,16492
158,,Premium,E,SI2,62.0,59.0,5.1,5.04,3.14,1056
159,,Ideal,H,VS2,61.9,55.0,4.46,4.48,2.76,492
160,1.59,Very Good,F,VS2,60.6,61.0,7.57,7.63,4.59,15007
161,0.3,Ideal,G,SI1,60.8,57.0,4.37,4.4,2.67,432
162,0.54,Ideal,,VS1,60.6,57.0,5.3,5.34,3.22,2021
163,,Very Good,H,VS2,63.1,57.0,6.45,6.51,4.09,5331
164,1.5,Very Good,E,VS1,60.7,60.0,7.41,7.45,4.51,16148
165,0.31,Ideal,,VS1,62.0,54.0,4.36,4.39,2.71,608
166,0.9,Very Good,F,VS1,61.3,60.0,6.18,6.23,3.8,5302
167,0.52,Ideal,E,VS2,62.0,56.0,5.15,5.19,3.19,1790
168,1.05,Ideal,F,VVS1,62.8,57.0,6.48,6.45,4.06,9874
169,1.01,Very Good,G,VS1,63.1,59.0,6.34,6.39,4.02,6623
170,0.51,Ideal,E,VS1,61.9,56.0,5.14,5.11,3.17,1846
171,1.01,Very Good,,VS2,62.7,57.0,6.41,6.43,4.01,6686
172,0.41,Ideal,E,VS2,61.0,56.0,4.83,4.8,2.94,905
173,,Premium,I,SI1,62.8,59.0,6.43,6.39,4.03,4422
174,,Ideal,F,VVS1,62.5,56.0,4.76,4.79,2.99,1231
175,1.33,Ideal,,VVS2,62.0,54.0,7.05,7.02,4.37,9212
176,,Premium,,SI2,59.6,60.0,8.76,8.81,5.17,18242
177,0.59,Ideal,F,VS1,62.4,56.0,5.39,5.36,3.36,1923
178,0.71,Premium,G,VS2,62.4,60.0,5.72,5.69,3.56,2322
179,0.7,Ideal,F,VVS2,62.4,57.0,5.6,5.66,3.5,3018
180,1.0,Premium,F,SI2,62.4,58.0,6.39,6.37,3.98,3918
181,,Ideal,G,SI2,62.4,55.0,4.78,4.82,2.99,859
182,0.3,Very Good,G,VS1,62.1,56.0,4.28,4.31,2.67,605
183,1.53,Premium,,VVS2,61.2,58.0,7.45,7.42,4.55,12829
184,0.8,Very Good,E,VS2,62.0,60.0,5.92,5.96,3.68,3373
185,0.81,Good,E,SI1,59.7,62.0,6.02,6.07,3.61,3668
186,0.3,Very Good,,VS2,62.3,56.0,4.29,4.32,2.68,608
187,1.0,Premium,G,VS2,62.1,60.0,6.35,6.33,3.94,5885
188,0.53,Premium,G,SI1,61.1,60.0,5.21,5.19,3.18,1249
189,,Ideal,G,VVS1,61.6,56.0,4.45,4.46,2.74,852
190,,Premium,F,VS2,61.8,58.0,4.31,4.36,2.68,625
191,2.02,Premium,,SI2,61.3,59.0,8.05,7.94,4.91,13133
192,0.26,Very Good,F,VS2,61.2,60.0,4.13,4.1,2.48,394
193,1.05,Premium,,SI1,59.7,58.0,6.57,6.63,3.96,4966
194,0.7,Premium,E,SI1,59.8,62.0,5.73,5.7,3.44,2333
195,1.02,Premium,H,SI1,60.1,60.0,6.49,6.55,3.91,4764
196,0.3,Premium,H,VVS2,61.6,58.0,4.31,4.35,2.67,776
197,,Ideal,G,VS2,61.3,56.0,6.65,6.7,4.08,6713
198,0.3,Premium,D,SI1,61.0,59.0,4.33,4.31,2.63,709
199,0.33,Premium,F,VS2,61.8,59.0,4.4,4.44,2.73,666
200,0.32,Ideal,E,VS1,61.9,55.0,4.41,4.43,2.74,692
201,1.07,Ideal,H,SI1,62.1,54.0,6.59,6.54,4.08,4880
202,,Very Good,H,VS2,63.8,55.0,6.32,6.3,4.02,5331
203,0.7,Good,,VS1,58.7,60.0,5.75,5.79,3.4,3043
204,1.01,Premium,,VS2,61.0,59.0,6.49,6.46,3.95,5461
205,,Ideal,,IF,61.9,56.0,4.52,4.55,2.8,683
206,0.3,Premium,G,VVS2,61.8,59.0,4.28,4.31,2.66,684
207,0.7,Very Good,F,SI1,60.3,59.0,5.74,5.77,3.47,2307
208,1.0,Premium,E,SI2,62.7,57.0,6.29,6.31,3.95,3584
209,0.26,Ideal,H,SI2,62.5,56.0,4.08,4.11,2.56,397
210,,Ideal,E,SI1,62.8,56.0,5.03,5.07,3.17,1376
211,0.45,Good,E,VS1,56.6,62.0,5.11,5.05,2.88,1362
212,1.0,Very Good,D,VS2,61.7,62.0,6.41,6.37,3.94,6300
213,,Ideal,F,SI1,62.3,57.0,5.75,5.77,3.58,2467
214,0.41,Premium,,VS1,61.1,62.0,4.75,4.72,2.89,943
215,1.6,Premium,D,SI1,63.0,58.0,7.44,7.48,4.7,14502
216,,Premium,,SI2,61.0,60.0,6.86,6.81,4.18,6892
217,1.01,Ideal,G,VS1,62.2,54.0,6.55,6.54,4.07,7049
218,,Premium,H,IF,63.0,60.0,5.05,4.99,3.18,1827
219,0.9,Very Good,D,SI1,62.2,58.0,6.15,6.2,3.84,4229
220,0.7,Premium,,SI1,60.5,59.0,5.7,5.77,3.46,2738
221,0.31,Ideal,,VS2,61.9,57.0,4.31,4.35,2.68,680
222,1.08,Premium,,SI2,62.2,59.0,6.51,6.54,4.06,4370
223,,Ideal,E,VVS1,61.5,56.0,4.33,4.35,2.67,895
224,0.34,Ideal,E,VVS2,62.0,56.0,4.47,4.46,2.77,1071
225,0.51,Ideal,G,VS1,61.4,56.0,5.15,5.17,3.17,1612
226,1.06,Ideal,H,SI1,61.1,57.0,6.57,6.6,4.03,4844
227,,Ideal,I,VVS2,62.5,57.0,4.41,4.36,2.74,720
228,1.04,Ideal,,SI1,62.0,56.0,6.51,6.45,4.03,4600
229,1.7,Ideal,F,SI1,62.0,56.0,7.59,7.67,4.73,14652
230,1.0,Very Good,G,VS2,62.3,59.0,6.29,6.35,3.94,6415
231,,Very Good,F,VS1,60.8,56.0,6.88,6.85,4.18,9123
232,0.32,Premium,E,VVS1,61.2,58.0,4.45,4.42,2.71,1033
233,0.41,Premium,G,VVS2,61.7,58.0,4.77,4.79,2.95,1153
234,0.71,Premium,,SI2,60.4,60.0,5.79,5.81,3.5,2795
235,0.41,Good,E,SI1,63.4,53.0,4.73,4.76,3.0,755
236,0.5,Ideal,D,VS2,62.1,57.0,5.03,5.06,3.14,1694
237,1.01,Very Good,F,SI2,63.3,59.0,6.41,6.38,4.04,4075
238,0.31,Ideal,,IF,61.7,56.0,4.34,4.38,2.69,979
239,,Good,G,SI2,63.9,58.0,6.31,6.36,4.06,5206
240,,Ideal,D,VS2,62.3,56.0,5.68,5.69,3.54,3222
241,0.32,Very Good,H,SI1,63.3,57.0,4.32,4.31,2.73,591
242,,Ideal,,SI1,61.6,55.0,4.56,4.59,2.82,652
243,1.45,Premium,G,SI2,62.7,58.0,7.21,7.18,4.51,6098
244,,Ideal,F,SI2,59.7,57.0,5.98,5.91,3.55,2680
245,,Ideal,G,VS2,61.5,56.0,4.34,4.36,2.68,554
246,0.71,Premium,,VVS2,60.6,58.0,5.78,5.73,3.49,2456
247,0.91,Premium,D,SI2,59.9,58.0,6.31,6.27,3.75,4372
248,,Ideal,G,VS1,62.2,57.0,4.26,4.31,2.67,605
249,0.31,Very Good,D,SI2,62.0,56.0,4.34,4.37,2.7,462
250,1.07,Ideal,,VS1,61.9,54.0,6.55,6.57,4.06,7589
251,1.01,Premium,H,SI1,62.9,59.0,6.38,6.33,3.99,4988
252,0.51,Ideal,G,VS1,62.4,56.0,5.13,5.18,3.22,1665
253,0.33,Ideal,J,VS1,62.2,55.0,4.42,4.44,2.75,467
254,1.01,Good,E,VS2,59.8,61.0,6.44,6.49,3.87,7177
255,,Premium,,SI2,60.8,59.0,8.1,8.06,4.93,15776
256,1.04,Premium,,SI2,62.4,59.0,6.48,6.41,4.02,3737
257,0.7,Very Good,D,VS2,62.0,55.0,5.68,5.72,3.54,2859
258,1.07,Very Good,G,VS2,61.8,60.0,6.45,6.48,3.99,5518
259,0.4,Premium,D,VS2,62.0,58.0,4.72,4.7,2.93,1050
260,1.71,Ideal,G,VS2,62.5,57.0,7.61,7.57,4.77,14482
261,1.01,Very Good,G,VS2,62.6,60.0,6.35,6.4,3.99,6449
262,0.57,Ideal,H,VS2,62.1,54.0,5.33,5.36,3.32,1336
263,0.34,Very Good,,SI1,60.3,58.0,4.51,4.58,2.74,487
264,1.5,Premium,F,VS1,59.6,59.0,7.46,7.4,4.43,15818
265,0.42,Ideal,F,VS1,61.9,56.0,4.8,4.85,2.99,1129
266,0.54,Ideal,,VVS1,61.9,57.0,5.2,5.22,3.23,1838
267,1.22,Ideal,I,SI2,62.2,56.0,6.87,6.82,4.28,5285
268,1.07,Premium,D,SI1,62.4,55.0,6.55,6.52,4.08,5385
269,0.3,Very Good,G,VS2,62.9,59.0,4.22,4.25,2.66,477
270,,Ideal,G,SI1,62.6,57.0,6.36,6.38,4.0,5159
271,,Premium,I,SI1,60.9,58.0,6.5,6.43,3.93,4455
272,2.04,Ideal,,SI1,61.0,57.0,8.3,8.24,5.09,17715
273,1.03,Ideal,H,VS2,62.4,55.0,6.47,6.49,4.04,5679
274,0.24,Very Good,F,VVS2,62.4,58.0,3.96,4.0,2.48,568
275,2.62,Premium,I,SI2,61.7,62.0,8.75,8.69,5.49,15993
276,0.3,Premium,F,IF,61.5,58.0,4.33,4.3,2.66,1085
277,1.5,Very Good,I,SI2,63.2,59.0,7.19,7.3,4.58,7409
278,0.52,Ideal,G,VVS2,62.5,56.0,5.08,5.12,3.19,1817
279,0.46,Ideal,D,VS2,61.6,56.0,4.97,5.0,3.1,1397
280,0.37,Ideal,,VVS1,61.8,56.0,4.57,4.6,2.84,1124
281,0.31,Very Good,G,VS2,63.2,57.0,4.32,4.27,2.71,487
282,,Premium,H,SI2,61.0,61.0,6.37,6.33,3.87,3770
283,0.7,Ideal,,SI2,62.7,57.0,5.67,5.64,3.54,2307
284,,Very Good,H,VS2,63.0,60.0,6.11,6.12,3.86,3903
285,,Good,E,SI1,63.5,59.0,6.1,6.06,3.86,3392
286,0.71,Premium,F,VS2,60.4,60.0,5.75,5.78,3.48,2840
287,,Premium,H,VS1,62.8,58.0,7.26,7.3,4.58,10851
288,1.03,Premium,F,VS2,62.5,57.0,6.47,6.44,4.05,6989
289,0.3,Very Good,J,VS1,62.3,59.0,4.26,4.29,2.66,394
290,1.0,Very Good,E,VVS1,58.7,58.0,6.52,6.57,3.86,11463
291,1.01,Good,,VS2,64.0,57.0,6.26,6.3,4.01,4613
292,1.01,Ideal,H,SI1,61.3,57.0,6.48,6.45,3.97,5292
293,,Ideal,,VS2,60.4,56.0,5.25,5.28,3.18,1615
294,0.75,Ideal,F,VS2,61.9,56.0,5.82,5.85,3.62,2857
295,0.31,Ideal,G,VS2,62.0,56.0,4.38,4.36,2.71,544
296,1.27,Ideal,D,SI1,62.1,55.0,7.03,6.92,4.32,9176
297,0.5,Ideal,E,SI2,61.3,56.0,5.08,5.13,3.13,1163
298,1.07,Ideal,H,VS2,61.7,57.0,6.59,6.56,4.05,5361
299,,Ideal,,SI1,62.5,54.0,7.53,7.47,4.68,8037
300,0.5,Very Good,E,SI1,63.5,61.0,4.96,5.03,3.17,1333
301,1.01,Very Good,I,VS2,63.3,59.0,6.33,6.27,3.99,4239
302,,Ideal,F,VS1,61.9,57.0,4.64,4.68,2.89,862
303,0.71,Very Good,G,SI1,62.2,58.0,5.7,5.73,3.54,2316
304,0.5,Ideal,D,SI1,62.7,57.0,5.02,5.06,3.17,1436
305,0.8,Good,F,VS2,59.4,65.0,6.02,6.06,3.58,3013
306,1.51,Ideal,I,SI2,62.0,57.0,7.33,7.29,4.54,7358
307,0.72,Premium,,SI1,62.6,58.0,5.75,5.73,3.6,2385
308,0.43,Premium,F,SI1,62.3,59.0,4.79,4.82,3.0,705
309,0.51,Ideal,E,SI1,62.6,55.0,5.12,5.09,3.2,1698
310,1.01,Good,J,VS2,63.6,59.0,6.38,6.31,4.04,3697
311,0.31,Premium,H,VVS2,61.0,58.0,4.4,4.37,2.67,802
312,,Very Good,G,VS1,59.0,57.0,6.66,6.71,3.94,6819
313,0.53,Ideal,E,VS1,61.7,57.0,5.17,5.22,3.2,2031
314,0.9,Very Good,E,SI1,63.5,56.0,6.1,6.04,3.85,4235
315,2.01,Ideal,J,VS1,61.9,57.0,8.05,8.08,5.01,16703
316,0.26,Ideal,F,VVS2,62.0,56.0,4.08,4.12,2.54,669
317,1.52,Premium,G,VS2,60.5,58.0,7.53,7.47,4.53,12150
318,0.9,Ideal,,VS2,62.3,55.0,6.18,6.22,3.86,3711
319,0.73,Ideal,G,VS1,62.2,56.0,5.74,5.77,3.58,2961
320,0.54,Ideal,D,VS2,61.0,56.0,5.3,5.26,3.22,1712
321,0.31,Ideal,E,VS2,62.1,56.0,4.36,4.38,2.72,767
322,1.19,Ideal,G,VVS1,61.7,56.0,6.82,6.79,4.2,10304
323,0.6,Ideal,G,VVS2,62.1,57.0,5.43,5.4,3.36,2394
324,0.3,Very Good,D,VS2,61.7,56.0,4.31,4.34,2.67,710
325,0.74,Ideal,E,VS2,61.0,56.0,5.83,5.86,3.57,3216
326,0.73,Premium,H,VS2,60.0,58.0,5.89,5.86,3.52,2352
327,,Ideal,F,VS1,61.9,56.0,6.67,6.7,4.14,8415
328,0.58,Premium,H,VS2,60.9,59.0,5.43,5.36,3.29,1419
329,1.01,Ideal,E,SI1,60.8,57.0,6.55,6.53,3.97,5530
330,0.4,Ideal,F,VVS2,61.8,57.0,4.75,4.73,2.93,1162
331,0.24,Very Good,,VS1,61.6,59.0,4.0,4.03,2.48,397
332,,Ideal,,VS2,61.8,56.0,4.39,4.41,2.72,648
333,1.06,Premium,G,VVS1,61.0,58.0,6.61,6.58,4.02,7861
334,,Premium,F,SI1,61.3,58.0,6.24,6.19,3.81,3704
335,,Ideal,D,VS2,60.9,57.0,4.51,4.54,2.76,827
336,1.5,Very Good,F,VS2,62.8,59.0,7.29,7.33,4.58,14211
337,1.2,Premium,F,SI1,61.2,60.0,6.82,6.75,4.15,6974
338,0.96,Ideal,,SI2,61.5,57.0,6.37,6.3,3.9,3276
339,0.53,Ideal,G,VS1,61.2,57.0,5.2,5.24,3.2,1690
340,2.05,Ideal,I,SI2,62.8,57.0,8.08,8.04,5.06,13140
341,1.22,Very Good,J,SI1,63.1,58.0,6.76,6.8,4.27,5197
342,0.64,Premium,D,VS2,60.7,61.0,5.55,5.52,3.37,2310
343,0.42,Very Good,G,SI2,61.9,58.0,4.8,4.83,2.98,765
344,1.17,Fair,G,SI2,59.4,62.5,6.86,6.9,4.09,4861
345,,Ideal,F,SI1,61.4,57.0,5.11,5.14,3.14,1296
346,1.08,Ideal,H,SI2,62.0,56.0,6.57,6.54,4.06,4771
347,1.12,Premium,,SI2,62.7,58.0,6.69,6.61,4.17,4206
348,1.03,Ideal,H,SI2,62.3,57.0,6.44,6.46,4.03,3544
349,,Very Good,H,SI1,63.3,57.0,7.2,7.28,4.59,9146
350,0.5,Ideal,D,VS1,61.6,57.0,5.13,5.09,3.15,2025
351,0.71,Premium,I,SI2,61.2,59.0,5.72,5.75,3.51,1902
352,0.35,Ideal,G,VVS1,61.5,56.0,4.53,4.55,2.79,868
353,0.9,Ideal,I,SI1,61.6,57.0,6.2,6.24,3.81,3450
354,1.0,Premium,E,SI2,60.6,60.0,6.41,6.45,3.89,4126
355,0.4,Ideal,,VS1,61.7,56.0,4.71,4.73,2.91,1053
356,0.3,Ideal,,VS1,62.4,57.0,4.3,4.28,2.68,630
357,0.57,Ideal,,VS2,62.5,56.0,5.31,5.34,3.34,1422
358,,Premium,E,VVS2,59.8,61.0,6.47,6.42,3.86,9106
359,2.0,Very Good,I,SI2,60.9,55.0,8.09,8.16,4.96,13097
360,0.33,Very Good,D,SI1,61.8,61.0,4.41,4.38,2.72,681
361,0.42,Ideal,G,VVS2,61.6,56.0,4.84,4.79,2.97,1187
362,,Ideal,,VS2,61.9,55.0,5.69,5.74,3.54,3195
363,0.41,Ideal,,VVS2,61.8,56.0,4.78,4.81,2.96,1263
364,1.51,Ideal,F,SI2,61.9,57.0,7.37,7.4,4.57,9316
365,0.81,Ideal,D,SI1,60.9,57.0,5.99,6.03,3.66,3516
366,0.3,Ideal,F,VVS1,61.9,56.0,4.28,4.3,2.66,814
367,1.0,Very Good,J,SI1,63.3,54.0,6.34,6.37,4.02,4092
368,2.02,Premium,J,VS1,61.9,58.0,8.14,8.09,5.02,17111
369,0.92,Very Good,,SI1,62.5,56.0,6.26,6.21,3.9,3681
370,,Ideal,F,VS2,60.5,57.0,5.78,5.75,3.48,2860
371,0.31,Ideal,E,IF,61.2,56.0,4.37,4.39,2.68,1060
372,1.02,Premium,E,VVS2,60.8,58.0,6.45,6.49,3.94,8451
373,2.02,Fair,,SI2,56.5,61.0,8.33,8.37,4.72,13784
374,0.42,Ideal,E,VVS1,61.4,56.0,4.82,4.85,2.97,1400
375,,Good,I,SI2,64.3,62.0,8.93,8.86,5.64,18242
376,0.95,Good,I,VVS2,63.3,55.0,6.2,6.28,3.95,4065
377,0.53,Ideal,,SI2,60.3,57.0,5.23,5.27,3.17,1425
378,,Ideal,G,SI1,62.8,57.0,5.15,5.12,3.23,1345
379,1.03,Ideal,E,SI2,62.7,58.0,6.42,6.44,4.03,5004
380,0.32,Ideal,,VS2,61.9,57.0,4.39,4.41,2.72,561
381,0.71,Premium,E,SI2,61.9,56.0,5.77,5.73,3.55,1994
382,0.41,Premium,D,SI1,61.1,58.0,4.76,4.8,2.92,874
383,0.3,Ideal,,VVS2,61.3,59.0,4.3,4.32,2.64,814
384,,Ideal,G,VVS2,61.7,55.0,4.16,4.13,2.56,593
385,,Premium,G,SI2,62.3,58.0,6.97,6.94,4.34,5031
386,0.88,Very Good,G,VS1,61.0,56.0,6.12,6.09,3.73,3883
387,0.4,Premium,D,VS2,61.3,55.0,4.78,4.74,2.92,1125
388,0.56,Ideal,E,SI1,61.3,55.0,5.35,5.31,3.27,1585
389,,Very Good,,VS2,62.4,60.0,7.2,7.29,4.52,11713
390,1.0,Ideal,,SI2,61.9,58.0,6.37,6.43,3.96,4661
391,1.0,Premium,,SI2,60.0,62.0,6.51,6.46,3.89,4395
392,1.2,Ideal,E,VVS2,61.2,56.0,6.83,6.86,4.19,17604
393,0.41,Ideal,D,VVS2,61.5,57.0,4.72,4.77,2.92,1099
394,0.9,Very Good,F,SI2,60.8,60.0,6.23,6.28,3.79,3858
395,0.71,Very Good,F,SI1,62.8,59.0,5.65,5.69,3.56,2380
396,1.61,Premium,I,SI2,62.4,57.0,7.48,7.45,4.66,7026
397,0.55,Ideal,,VS1,62.5,55.0,5.2,5.25,3.28,1689
398,,Premium,F,VVS1,61.4,59.0,4.81,4.82,2.96,1323
399,0.7,Fair,G,SI2,66.0,59.0,5.54,5.5,3.64,1995
400,1.24,Premium,G,VS2,60.2,58.0,6.95,7.04,4.22,8213
401,0.56,Very Good,,VS2,60.0,57.0,5.35,5.4,3.23,1599
402,0.52,Ideal,,SI1,61.8,56.0,5.17,5.2,3.21,1454
403,,Ideal,G,VS1,61.4,57.0,4.32,4.35,2.66,605
404,0.4,Premium,,VS2,61.3,58.0,4.74,4.72,2.91,891
405,0.23,Ideal,H,SI2,62.1,54.0,3.96,3.99,2.46,345
406,0.33,Premium,F,VS2,62.0,59.0,4.46,4.43,2.76,577
407,0.31,Good,,SI2,63.1,55.0,4.34,4.31,2.73,593
408,0.31,Ideal,,VS2,61.1,56.0,4.39,4.37,2.68,577
409,0.74,Premium,H,SI1,62.7,57.0,5.7,5.76,3.59,2370
410,1.0,Very Good,E,VS2,61.8,58.0,6.36,6.34,3.92,6272
411,,Very Good,,SI1,62.3,59.0,4.04,4.13,2.54,465
412,,Ideal,E,VS2,61.5,57.0,5.2,5.24,3.21,1812
413,1.0,Good,G,VS2,63.7,58.0,6.32,6.27,4.01,5132
414,0.43,Fair,H,VS2,67.9,57.0,4.84,4.65,3.24,716
415,0.48,Very Good,G,SI1,58.6,59.4,5.05,5.09,2.99,1026
416,0.7,Premium,G,VS2,62.0,62.0,5.67,5.7,3.53,2327
417,0.73,Ideal,,VS2,61.6,57.0,5.79,5.81,3.57,3457
418,1.55,Premium,G,VS1,59.2,58.0,7.56,7.61,4.48,13379
419,0.4,Very Good,F,VS1,60.4,58.0,4.73,4.77,2.87,868
420,,Good,,VS2,62.3,64.0,5.65,5.6,3.5,2312
421,0.35,Ideal,,VS1,61.4,55.0,4.53,4.56,2.78,863
422,1.5,Premium,I,SI1,62.2,59.0,7.33,7.2,4.52,8654
423,0.73,Ideal,I,VS1,61.6,55.0,5.78,5.83,3.57,2384
424,0.91,Very Good,,VS2,61.4,59.0,6.18,6.25,3.82,4247
425,,Ideal,F,VS2,61.5,56.0,4.77,4.79,2.94,968
426,0.93,Premium,E,VS1,59.1,59.0,6.33,6.27,3.73,5250
427,1.12,Very Good,,SI1,60.0,59.0,6.77,6.82,4.08,4708
428,0.9,Good,I,VS2,63.7,57.0,6.05,6.09,3.86,3229
429,0.57,Ideal,F,VVS2,62.6,56.0,5.29,5.32,3.31,1902
430,0.54,Very Good,E,SI1,61.6,57.0,5.24,5.27,3.23,1438
431,1.03,Ideal,H,SI2,61.6,57.0,6.47,6.52,3.99,4312
432,,Ideal,G,VVS2,61.2,57.0,5.36,5.39,3.29,1875
433,,Premium,H,VS2,62.5,58.0,4.77,4.79,2.98,876
434,1.52,Premium,D,SI1,61.9,59.0,7.38,7.34,4.55,11726
435,0.31,Very Good,H,VVS1,62.2,56.0,4.36,4.36,2.71,633
436,0.3,Ideal,G,VS2,61.6,57.0,4.29,4.32,2.65,675
437,0.72,Ideal,I,VS2,60.9,56.0,5.74,5.8,3.51,2313
438,0.54,Ideal,D,SI1,62.6,56.0,5.17,5.2,3.24,1600
439,1.5,Good,,SI1,61.7,61.0,7.3,7.32,4.51,10706
440,,Ideal,G,SI1,62.2,55.0,4.41,4.44,2.76,573
441,0.4,Premium,,VVS2,60.9,58.0,4.75,4.74,2.89,1048
442,0.43,Ideal,G,VVS2,61.6,56.0,4.83,4.87,2.99,1103
443,,Very Good,F,VS2,62.2,60.0,6.34,6.4,3.96,6449
444,0.9,Fair,D,SI2,65.4,56.0,6.12,6.01,3.97,2682
445,0.31,Ideal,G,VS2,61.7,57.0,4.36,4.39,2.7,544
446,0.7,Ideal,H,SI1,62.2,55.0,5.66,5.73,3.54,2298
447,2.01,Very Good,H,SI2,59.6,62.0,8.04,8.09,4.85,11925
448,0.32,Premium,H,VS2,61.4,60.0,4.36,4.41,2.69,505
449,0.5,Premium,F,SI1,61.9,58.0,5.08,5.04,3.13,1415
450,,Ideal,D,VS2,62.3,55.0,4.46,4.43,2.77,1002
451,0.71,Ideal,F,SI1,62.7,57.0,5.7,5.72,3.57,2346
452,1.0,Ideal,G,VS1,60.0,55.0,6.53,6.44,3.89,7469
453,0.9,Very Good,D,SI2,63.9,59.0,6.12,6.16,3.93,3288
454,,Ideal,H,SI1,61.5,57.0,4.36,4.39,2.69,504
455,,Ideal,,SI1,61.6,55.0,6.5,6.46,3.99,5546
456,0.42,Ideal,G,VS1,62.4,55.0,4.79,4.82,3.0,930
457,,Ideal,F,VS2,60.5,57.0,4.71,4.75,2.86,906
458,,Ideal,H,VS1,59.3,57.0,6.94,6.93,4.09,8057
459,0.32,Ideal,D,SI1,62.1,57.0,4.38,4.34,2.71,589
460,1.5,Good,G,SI2,63.7,61.0,7.0,7.02,4.53,6006
461,1.02,Premium,H,VS2,62.4,58.0,6.45,6.41,4.01,4821
462,1.0,Premium,,SI1,61.3,58.0,6.47,6.4,3.94,5975
463,0.6,Ideal,F,SI1,62.3,54.0,5.41,5.38,3.36,1616
464,0.53,Ideal,D,VS2,60.9,55.0,5.26,5.21,3.19,1819
465,0.3,Premium,G,VS1,62.7,58.0,4.24,4.27,2.67,605
466,0.54,Premium,E,VS2,60.7,57.0,5.29,5.24,3.2,1754
467,1.01,Ideal,D,SI1,61.8,56.0,6.44,6.4,3.97,5485
468,0.3,Ideal,G,VVS2,61.1,56.0,4.31,4.33,2.64,878
469,0.3,Premium,H,VS2,61.0,56.0,4.36,4.33,2.65,630
470,0.9,Premium,I,VS2,62.1,61.0,6.16,6.12,3.81,3656
471,,Good,D,SI2,63.9,53.0,5.69,5.58,3.61,2475
472,0.53,Premium,E,VS2,61.6,58.0,5.21,5.23,3.22,1712
473,0.72,Premium,,I1,60.1,60.0,5.85,5.8,3.48,1340
474,0.34,Very Good,I,IF,60.8,58.0,4.47,4.49,2.72,745
475,0.32,Ideal,,SI2,60.9,57.0,4.46,4.42,2.7,540
476,0.32,Ideal,H,VS1,62.1,55.0,4.38,4.4,2.73,527
477,,Very Good,,SI2,62.0,58.0,7.35,7.4,4.56,5370
478,0.31,Premium,G,VVS1,60.3,58.0,4.43,4.45,2.68,1046
479,0.52,Ideal,E,SI1,62.1,56.0,5.15,5.18,3.2,1582
480,0.83,Very Good,G,SI2,60.9,57.0,6.09,6.06,3.7,2706
481,0.23,Very Good,,VVS2,61.2,58.0,3.93,3.95,2.41,367
482,,Ideal,F,SI1,61.4,55.0,5.74,5.77,3.54,2049
483,1.09,Ideal,,SI2,62.0,57.0,6.65,6.59,4.1,3725
484,1.82,Ideal,I,VS2,61.5,57.0,7.84,7.81,4.82,13427
485,,Premium,G,VVS1,61.4,59.0,4.42,4.39,2.71,1080
486,,Fair,E,SI1,66.9,57.0,4.86,4.79,3.23,1110
487,0.9,Premium,H,VS2,60.9,60.0,6.26,6.19,3.79,3524
488,1.51,Ideal,H,SI1,63.2,56.0,7.31,7.28,4.61,9160
489,,Premium,E,VS2,61.0,58.0,4.47,4.52,2.74,812
490,0.72,Premium,G,SI2,61.7,59.0,5.73,5.68,3.52,1929
491,1.51,Premium,G,SI1,62.5,59.0,7.33,7.29,4.56,12392
492,0.91,Ideal,H,VS2,61.9,57.0,6.15,6.2,3.82,4239
493,1.12,Premium,D,SI1,60.2,58.0,6.78,6.71,4.09,6533
494,0.36,Very Good,H,VS2,61.7,57.0,4.54,4.58,2.81,568
495,0.54,Ideal,G,VS1,61.4,56.0,5.22,5.26,3.22,1758
496,0.69,Fair,F,VS2,65.2,55.0,5.59,5.56,3.66,2394
497,1.21,Premium,H,SI1,62.8,60.0,6.74,6.69,4.22,6098
498,1.01,Very Good,,SI2,63.3,57.0,6.34,6.28,3.99,4427
499,2.21,Premium,I,SI1,62.2,59.0,8.29,8.33,5.16,17784
500,0.25,Ideal,H,VVS1,62.0,54.0,4.09,4.11,2.54,525
501,1.61,Ideal,,VS1,61.7,56.0,7.55,7.51,4.65,13063
502,0.31,Ideal,G,IF,61.9,55.0,4.38,4.41,2.72,901
503,1.26,Ideal,G,VS1,61.4,56.0,6.99,7.04,4.31,8742
504,0.57,Ideal,E,VS2,62.1,56.0,5.34,5.32,3.31,1801
505,2.0,Good,,SI1,58.3,60.0,8.21,8.27,4.82,15959
506,,Very Good,,VVS2,62.4,56.0,4.27,4.29,2.67,694
507,,Ideal,,IF,62.6,55.0,4.3,4.32,2.7,1094
508,,Ideal,H,SI2,62.2,55.0,4.43,4.46,2.77,408
509,,Ideal,D,VS1,62.0,57.0,6.55,6.61,4.09,8999
510,0.32,Ideal,H,VS1,61.5,56.0,4.4,4.43,2.72,565
511,,Premium,I,SI2,61.1,60.0,7.46,7.38,4.52,5756
512,0.43,Premium,F,SI1,61.2,58.0,4.85,4.8,2.96,1017
513,,Good,J,SI1,63.9,58.0,6.81,6.77,4.32,5197
514,0.52,Premium,,SI1,59.6,59.0,5.36,5.32,3.17,1406
515,0.31,Ideal,,SI1,61.9,55.0,4.34,4.37,2.7,571
516,,Premium,,SI1,63.0,57.0,6.65,6.62,4.19,5353
517,1.01,Premium,E,SI1,58.6,56.0,6.62,6.66,3.89,5174
518,,Premium,E,VVS2,60.1,59.0,4.78,4.82,2.89,987
519,,Ideal,E,VS1,61.5,56.0,4.79,4.77,2.94,1008
520,,Very Good,,SI1,61.6,56.4,7.39,7.36,4.54,11605
521,0.54,Ideal,G,VS1,61.7,55.3,5.21,5.27,3.23,1804
522,0.31,Good,,SI2,63.6,56.0,4.29,4.26,2.71,593
523,0.55,Ideal,F,VS2,61.7,56.0,5.28,5.3,3.25,1666
524,0.54,Ideal,E,VS2,61.5,57.0,5.25,5.24,3.23,1745
525,,Very Good,G,VS2,63.0,56.0,6.39,6.41,4.03,6418
526,0.4,Ideal,E,VVS2,62.7,56.0,4.67,4.7,2.94,1034
527,1.55,Ideal,F,VS2,62.0,55.0,7.39,7.44,4.59,16669
528,1.0,Very Good,G,VS1,59.5,62.0,6.54,6.48,3.88,6324
529,1.21,Ideal,,VS2,62.7,55.0,6.84,6.8,4.26,7235
530,0.3,Ideal,F,VVS1,61.4,55.0,4.31,4.36,2.66,1040
531,0.32,Very Good,I,SI1,63.1,58.0,4.34,4.31,2.73,540
532,0.3,Ideal,H,VS1,61.9,55.0,4.33,4.36,2.69,675
533,0.5,Very Good,F,VS1,63.4,56.0,5.1,5.07,3.22,1786
534,1.11,Premium,,SI2,61.9,59.0,6.62,6.59,4.09,3765
535,1.59,Ideal,,SI1,61.5,57.0,7.54,7.49,4.61,12798
536,0.9,Premium,E,SI1,60.7,61.0,6.24,6.29,3.79,3911
537,0.71,Very Good,H,SI1,63.3,56.0,5.68,5.65,3.59,2240
538,0.41,Ideal,,VVS2,62.1,56.0,4.76,4.74,2.95,1129
539,0.3,Ideal,I,IF,61.6,55.0,4.34,4.37,2.68,684
540,0.41,Premium,G,VS2,61.9,60.0,4.74,4.76,2.94,1061
541,1.56,Ideal,I,VS1,61.1,56.0,7.51,7.48,4.57,10763
542,1.5,Ideal,,SI1,62.4,56.0,7.27,7.22,4.52,9069
543,0.32,Premium,G,VS2,61.8,59.0,4.41,4.44,2.73,561
544,1.51,Premium,F,VS2,62.4,59.0,7.37,7.41,4.61,14348
545,0.72,Very Good,G,SI2,62.6,59.0,5.67,5.71,3.56,2041
546,0.32,Ideal,,VS2,62.6,56.0,4.45,4.4,2.77,648
547,,Ideal,D,SI1,61.8,55.0,5.77,5.8,3.58,3216
548,0.82,Very Good,E,SI1,62.4,59.0,5.97,5.95,3.72,3298
549,1.08,Premium,J,SI1,62.3,55.0,6.52,6.57,4.08,4486
550,1.01,Premium,G,VS1,61.1,57.0,6.46,6.43,3.95,6256
551,,Ideal,G,SI2,61.5,54.0,6.52,6.54,4.01,4260
552,2.02,Very Good,I,SI2,63.3,57.0,7.94,7.89,5.02,10682
553,,Good,G,SI1,63.9,56.0,6.62,6.69,4.26,6909
554,0.91,Good,G,SI2,57.6,59.0,6.49,6.46,3.72,3328
555,0.5,Ideal,,VS2,62.5,54.0,5.07,5.06,3.17,1815
556,,Ideal,E,SI1,62.0,57.0,6.43,6.41,3.98,5466
557,0.42,Ideal,,VS1,61.7,57.0,4.8,4.77,2.95,1103
558,0.82,Very Good,E,VVS2,63.2,56.0,5.92,5.98,3.76,4054
559,0.8,Ideal,,VS2,61.0,56.0,6.04,6.02,3.67,3266
560,,Ideal,G,IF,61.4,55.0,4.46,4.49,2.75,988
561,,Ideal,F,VVS1,62.2,55.0,4.79,4.77,2.97,1369
562,0.52,Ideal,D,VS2,61.8,57.0,5.16,5.19,3.2,1826
563,1.0,Premium,G,SI1,59.3,58.0,6.53,6.49,3.88,4604
564,0.4,Ideal,,VVS1,61.7,57.0,4.76,4.73,2.93,945
565,2.07,Premium,,SI2,61.2,59.0,8.2,8.23,5.03,13720
566,0.7,Premium,,VS1,61.0,59.0,5.68,5.74,3.49,2380
567,1.07,Ideal,G,SI1,61.9,57.0,6.53,6.55,4.06,5546
568,,Ideal,F,SI2,61.7,55.0,7.36,7.32,4.53,8213
569,,Ideal,J,SI2,62.4,56.0,6.4,6.44,4.01,3880
570,0.33,Very Good,G,VS1,61.2,57.0,4.45,4.48,2.73,652
571,2.03,Premium,,SI2,62.7,58.0,8.11,8.07,5.05,15751
572,2.0,Premium,G,SI1,60.6,61.0,8.12,8.08,4.91,18485
573,1.09,Ideal,E,IF,61.2,55.0,6.66,6.61,4.06,10115
574,0.33,Premium,F,VVS1,59.6,60.0,4.52,4.49,2.68,994
575,,Very Good,,VS1,62.9,56.0,5.84,5.88,3.68,3685
576,0.53,Ideal,F,VS2,60.9,55.0,5.26,5.29,3.2,1728
577,0.33,Very Good,E,SI1,61.7,61.0,4.31,4.34,2.67,579
578,0.24,Good,,VS1,60.6,63.0,4.0,4.06,2.45,373
579,0.23,Ideal,,VS2,62.0,55.0,3.92,3.94,2.44,396
580,0.54,Ideal,D,VS2,60.9,57.0,5.26,5.25,3.2,1787
581,0.31,Ideal,H,SI1,62.7,57.0,4.3,4.32,2.7,446
582,0.54,Ideal,,VS2,61.2,55.0,5.28,5.34,3.23,1720
583,0.3,Ideal,J,VS1,61.9,56.0,4.36,4.33,2.69,506
584,0.34,Premium,,VS2,61.0,58.0,4.49,4.46,2.73,1033
585,0.53,Ideal,G,SI2,61.9,56.0,5.21,5.18,3.21,1090
586,0.33,Ideal,F,VVS1,60.5,54.0,4.47,4.47,2.7,880
587,0.5,Premium,,SI2,62.6,60.0,5.08,5.05,3.17,1177
588,0.41,Ideal,G,VS2,61.4,56.0,4.85,4.8,2.96,827
589,0.9,Very Good,F,SI1,62.3,58.0,6.07,6.15,3.81,3945
590,1.05,Very Good,H,SI1,63.4,55.0,6.52,6.48,4.11,4899
591,1.25,Ideal,H,SI1,61.0,56.0,6.95,6.9,4.22,7056
592,1.22,Premium,H,SI2,62.7,59.0,6.84,6.78,4.27,4841
593,0.93,Premium,D,SI2,61.6,58.0,6.29,6.27,3.86,4355
594,0.31,Premium,F,VS1,62.2,58.0,4.38,4.3,2.7,761
595,,Ideal,E,VVS2,61.7,55.0,4.4,4.42,2.72,814
596,0.51,Ideal,H,VS2,62.9,57.0,5.06,5.1,3.2,1257
597,1.5,Good,E,SI2,58.4,61.0,7.49,7.54,4.38,8850
598,0.76,Premium,G,VS2,60.0,59.0,5.97,5.93,3.55,2826
599,1.0,Very Good,G,VS2,63.0,58.0,6.37,6.34,4.0,5148
600,1.03,Very Good,H,VVS1,60.8,56.0,6.54,6.56,3.98,6733
601,,Premium,E,VS2,62.0,59.0,5.2,5.18,3.22,1699
602,0.23,Very Good,E,VVS1,62.8,57.0,3.86,3.89,2.44,530
603,1.01,Very Good,G,VS2,62.7,58.0,6.23,6.34,3.94,4650
604,,Premium,F,VS2,62.8,58.0,4.31,4.28,2.69,828
605,0.7,Premium,D,VS2,61.4,60.0,5.75,5.71,3.52,3360
606,0.71,Ideal,F,VVS1,61.1,56.0,5.74,5.77,3.52,4270
607,0.51,Very Good,E,SI1,63.8,55.0,5.05,5.08,3.23,1624
608,0.3,Ideal,G,SI1,62.2,55.0,4.32,4.34,2.69,499
609,0.6,Premium,,SI1,61.3,58.0,5.53,5.44,3.35,1915
610,,Ideal,G,VS2,61.5,56.0,6.51,6.47,3.99,6108
611,0.4,Very Good,G,SI1,61.9,59.0,4.73,4.7,2.92,702
612,0.32,Ideal,D,VS2,61.9,56.0,4.4,4.43,2.73,670
613,0.73,Ideal,,VS1,61.5,54.0,5.89,5.82,3.6,3229
614,0.7,Ideal,H,SI1,62.0,56.0,5.64,5.66,3.5,1901
615,2.0,Very Good,,SI2,58.7,61.0,8.12,8.17,4.83,18557
616,,Premium,E,VS2,59.3,61.0,6.07,6.05,3.62,3867
617,1.62,Premium,,SI1,61.7,59.0,7.57,7.59,4.68,13873
618,0.39,Ideal,G,VS2,61.8,57.0,4.67,4.72,2.91,847
619,0.36,Ideal,D,VS1,61.8,56.0,4.54,4.56,2.81,1066
620,1.0,Premium,F,SI1,61.8,59.0,6.37,6.32,3.92,5292
621,0.4,Ideal,E,SI2,62.5,56.0,4.76,4.73,2.97,550
622,1.0,Very Good,F,SI2,60.5,62.0,6.4,6.43,3.87,4077
623,1.51,Premium,F,SI1,61.7,58.0,7.35,7.29,4.51,12500
624,1.08,Ideal,G,VS1,61.4,57.0,6.61,6.56,4.05,6741
625,0.7,Premium,E,VS2,63.0,59.0,5.65,5.61,3.54,2342
626,0.33,Ideal,G,VVS1,61.7,54.0,4.45,4.48,2.76,1114
627,0.52,Ideal,F,VVS2,61.3,56.0,5.22,5.25,3.2,2064
628,1.0,Premium,E,VS2,60.5,60.0,6.53,6.43,3.93,6600
629,0.3,Premium,F,VS1,62.7,58.0,4.33,4.26,2.69,779
630,1.24,Premium,D,SI2,61.0,60.0,6.95,6.88,4.22,5670
631,1.2,Ideal,,VS1,61.8,54.0,6.84,6.89,4.24,8985
632,,Premium,F,VS2,60.3,58.0,6.53,6.5,3.94,7040
633,,Premium,E,SI2,62.0,58.0,6.2,6.15,3.83,3230
634,,Ideal,D,VS2,61.3,56.0,5.77,5.82,3.55,3307
635,,Ideal,H,VS1,61.4,56.0,6.95,6.98,4.27,8736
636,,Very Good,F,SI1,60.9,60.0,5.18,5.22,3.16,1232
637,,Ideal,E,SI2,62.4,57.0,7.47,7.5,4.67,10680
638,0.92,Ideal,,SI2,62.7,54.0,6.2,6.22,3.89,3655
639,0.55,Ideal,D,SI1,61.0,56.0,5.25,5.29,3.22,1830
640,,Ideal,H,VVS1,61.4,56.0,4.37,4.34,2.68,683
641,0.73,Ideal,J,SI1,60.3,59.0,5.81,5.83,3.51,2083
642,0.32,Ideal,E,VS2,62.0,55.0,4.41,4.37,2.72,900
643,1.02,Ideal,G,VVS2,62.2,57.0,6.46,6.43,4.01,8532
644,,Ideal,E,VVS2,61.7,56.0,5.28,5.3,3.26,2460
645,2.0,Premium,H,SI2,61.7,59.0,8.13,8.07,5.01,15785
646,0.37,Premium,D,VS2,60.9,58.0,4.68,4.63,2.84,871
647,1.13,Ideal,F,VS2,61.6,57.0,6.67,6.7,4.12,7257
648,1.0,Premium,G,SI2,62.7,60.0,6.38,6.35,3.99,4128
649,0.57,Ideal,F,VVS2,61.9,57.0,5.36,5.32,3.3,2310
650,,Premium,E,SI2,62.7,58.0,6.6,6.53,4.11,4620
651,0.27,Very Good,,VS1,61.0,58.0,4.2,4.25,2.58,580
652,0.41,Very Good,F,VVS1,62.9,58.0,4.69,4.72,2.96,1265
653,0.54,Premium,E,VS2,61.0,58.0,5.21,5.26,3.2,1662
654,1.01,Ideal,,VS2,62.3,57.0,6.36,6.39,3.98,6350
655,0.53,Ideal,,VS2,60.7,56.0,5.27,5.27,3.2,1894
656,2.06,Very Good,G,SI1,62.5,59.0,8.09,8.17,5.08,16506
657,,Very Good,D,VS2,62.3,57.0,5.22,5.25,3.26,1960
658,0.27,Very Good,G,VVS1,62.7,55.0,4.16,4.19,2.6,672
659,0.38,Ideal,F,VVS1,61.5,57.0,4.63,4.67,2.86,1096
660,1.26,Premium,H,SI2,62.5,58.0,6.89,6.84,4.29,5100
661,0.36,Ideal,F,VS1,62.3,55.0,4.57,4.54,2.84,754
662,0.41,Ideal,F,VS1,61.1,55.0,4.79,4.82,2.94,1076
663,1.0,Ideal,E,VS2,61.8,56.0,6.42,6.39,3.96,6720
664,,Very Good,F,SI2,62.5,57.0,4.25,4.29,2.67,394
665,1.51,Good,D,SI1,63.5,57.0,7.22,7.26,4.59,12648
666,0.37,Ideal,D,VS2,62.7,56.0,4.55,4.58,2.86,1092
667,0.32,Ideal,D,SI2,61.9,56.0,4.41,4.44,2.74,536
668,1.53,Ideal,,VS2,62.0,57.0,7.36,7.43,4.58,13428
669,,Very Good,G,VS1,61.7,57.0,3.92,3.95,2.43,402
670,1.01,Very Good,H,SI1,62.7,57.0,6.36,6.41,4.01,5051
671,0.7,Ideal,G,SI1,62.3,56.0,5.67,5.75,3.55,2782
672,1.01,Very Good,F,SI1,62.7,59.0,6.39,6.43,4.01,5262
673,0.71,Very Good,,SI1,62.2,59.0,5.65,5.68,3.52,2646
674,0.25,Very Good,F,VVS2,61.0,57.0,4.04,4.07,2.47,548
675,1.01,Premium,F,VS2,59.8,60.0,6.53,6.49,3.89,6416
676,1.52,Very Good,,SI1,63.3,57.0,7.31,7.23,4.61,9038
677,0.51,Ideal,,SI1,62.1,54.0,5.11,5.15,3.19,1408
678,0.31,Premium,G,VVS2,59.9,59.0,4.44,4.41,2.65,907
679,1.53,Very Good,F,SI1,61.6,56.0,7.39,7.45,4.57,12621
680,2.02,Premium,,SI2,61.3,59.0,8.12,8.19,5.0,15802
681,0.71,Ideal,G,SI1,61.6,55.0,5.76,5.73,3.54,2416
682,0.3,Ideal,D,VS2,62.1,56.0,4.31,4.29,2.67,911
683,1.09,Ideal,,VS2,60.6,56.0,6.67,6.6,4.03,6038
684,1.03,Premium,F,SI2,62.0,59.0,6.43,6.47,4.0,4304
685,0.7,Very Good,G,VS1,61.2,57.0,5.71,5.74,3.48,2622
686,,Ideal,G,VS1,61.9,55.0,5.11,5.15,3.19,1740
687,0.3,Ideal,G,VS1,62.8,57.0,4.27,4.3,2.69,586
688,0.42,Very Good,F,VS1,63.1,59.0,4.81,4.78,3.02,1031
689,,Very Good,,SI1,63.4,58.0,6.33,6.37,4.02,4675
690,0.32,Ideal,F,VVS1,61.9,56.0,4.38,4.4,2.72,810
691,0.31,Ideal,E,SI1,62.7,56.0,4.3,4.32,2.71,644
692,0.7,Very Good,F,SI2,62.7,57.0,5.65,5.68,3.55,2058
693,0.3,Ideal,G,VVS1,61.4,57.0,4.3,4.27,2.64,1013
694,1.23,Very Good,I,VS1,61.7,58.0,6.88,6.82,4.23,6360
695,0.7,Very Good,,VS1,61.5,58.0,5.65,5.71,3.49,3254
696,0.71,Ideal,D,VS2,62.3,56.0,5.7,5.73,3.56,3353
697,1.09,Ideal,,VS2,62.4,56.0,6.59,6.62,4.12,5158
698,,Premium,G,SI1,61.4,58.0,6.91,6.84,4.21,6473
699,1.11,Ideal,,SI2,62.0,56.0,6.61,6.66,4.12,4536
700,,Premium,I,SI1,62.6,60.0,6.08,6.03,3.79,3025
701,1.8,Premium,H,SI1,62.2,57.0,7.81,7.74,4.86,14105
702,0.75,Premium,G,VS1,62.7,60.0,5.77,5.71,3.59,2720
703,,Ideal,H,SI1,62.3,54.0,6.52,6.53,4.07,4864
704,1.53,Ideal,G,VS2,62.2,57.0,7.37,7.33,4.57,13873
705,1.0,Ideal,H,SI1,61.1,56.0,6.42,6.43,3.92,4718
706,1.14,Ideal,G,VS2,61.7,55.0,6.78,6.7,4.16,7125
707,,Very Good,G,VVS2,62.8,56.0,4.27,4.25,2.68,552
708,0.34,Ideal,E,VVS1,62.1,56.0,4.47,4.45,2.77,1084
709,0.41,Very Good,E,VVS2,61.1,57.0,4.76,4.81,2.93,1143
710,0.73,Very Good,,SI2,61.9,58.0,5.77,5.79,3.58,2175
711,0.3,Very Good,,SI1,63.4,56.0,4.32,4.29,2.73,819
712,0.3,Ideal,,VS2,61.9,56.0,4.32,4.35,2.68,378
713,0.32,Premium,H,VVS1,62.0,59.0,4.42,4.37,2.72,936
714,0.29,Premium,,VVS2,62.1,59.0,4.2,4.23,2.61,496
715,,Ideal,I,VS2,61.7,56.0,5.27,5.3,3.26,1338
716,0.52,Very Good,E,VS2,62.5,56.0,5.13,5.16,3.21,1699
717,0.3,Very Good,E,SI2,61.5,56.0,4.27,4.3,2.64,475
718,1.05,Ideal,,SI1,61.9,57.0,6.57,6.53,4.06,5627
719,1.2,Premium,G,SI2,62.9,58.0,6.8,6.75,4.26,5546
720,0.74,Premium,H,VS2,60.9,57.0,5.84,5.87,3.57,2594
721,1.02,Premium,,I1,61.8,61.0,6.44,6.38,3.96,2035
722,2.01,Ideal,,SI2,62.5,55.0,8.14,8.07,5.06,18114
723,0.56,Premium,E,VS1,61.4,58.0,5.31,5.34,3.27,2137
724,0.31,Very Good,F,VS2,62.9,58.0,4.28,4.32,2.7,625
725,1.07,Very Good,,VS1,63.3,58.0,6.49,6.45,4.1,7332
726,0.32,Premium,I,VVS2,62.2,58.0,4.37,4.34,2.71,756
727,,Premium,,VS2,60.4,60.0,5.21,5.16,3.13,1814
728,0.91,Premium,F,SI2,61.2,61.0,6.24,6.21,3.81,3546
729,0.31,Ideal,F,VS2,61.7,56.0,4.38,4.37,2.7,749
730,0.51,Ideal,,IF,61.9,56.0,5.15,5.18,3.2,2289
731,0.41,Premium,G,VS2,59.8,58.0,4.91,4.88,2.92,1107
732,0.35,Very Good,E,VS2,62.4,58.0,4.51,4.53,2.81,677
733,,Ideal,E,SI1,61.7,57.0,5.13,5.16,3.18,1577
734,0.3,Ideal,H,SI1,61.7,56.0,4.31,4.35,2.67,457
735,0.2,Premium,E,VS2,61.8,59.0,3.82,3.78,2.32,367
736,0.39,Premium,,SI1,60.9,60.0,4.75,4.7,2.88,884
737,0.3,Ideal,E,VVS2,60.4,57.0,4.37,4.35,2.63,814
738,,Premium,,VS2,61.4,60.0,4.4,4.37,2.69,802
739,0.59,Premium,,VVS1,61.8,58.0,5.42,5.4,3.34,2187
740,1.22,Premium,,VVS1,61.8,59.0,6.92,6.85,4.26,9863
741,,Premium,D,SI1,59.9,60.0,4.62,4.58,2.75,663
742,1.08,Ideal,J,SI1,61.3,57.0,6.65,6.57,4.05,4257
743,1.2,Very Good,,SI1,62.1,58.0,6.8,6.84,4.23,6288
744,,Ideal,I,SI1,62.2,56.0,6.88,6.92,4.29,5763
745,1.0,Ideal,J,VS2,61.5,57.0,6.44,6.35,3.94,3808
746,0.52,Very Good,E,VS2,62.8,57.0,5.13,5.16,3.23,1689
747,1.26,Very Good,G,VVS2,59.8,58.0,7.01,7.05,4.19,9332
748,0.31,Ideal,G,VVS1,61.4,55.0,4.38,4.36,2.69,1046
749,0.4,Ideal,G,VVS2,62.3,57.0,4.79,4.76,2.96,1050
750,,Ideal,G,VS2,61.3,57.0,6.85,6.88,4.21,8669
751,0.72,Ideal,F,SI1,61.7,56.0,5.74,5.76,3.55,2631
752,0.71,Premium,J,VS2,61.8,58.0,5.68,5.71,3.52,2057
753,0.3,Very Good,F,VVS1,62.4,57.0,4.31,4.34,2.69,530
754,2.25,Very Good,J,SI1,62.9,56.0,8.29,8.33,5.24,13659
755,,Ideal,H,SI1,61.4,56.0,6.47,6.4,3.95,4419
756,,Very Good,D,SI2,62.9,59.0,4.24,4.29,2.68,462
757,0.34,Premium,E,VS1,59.3,58.0,4.56,4.51,2.7,984
758,,Very Good,H,SI1,61.7,58.0,7.35,7.38,4.55,10450
759,0.4,Ideal,,VS2,61.4,55.0,4.79,4.76,2.94,850
760,0.7,Premium,E,VS2,61.7,62.0,5.71,5.68,3.51,2833
761,,Ideal,F,SI1,62.6,57.0,5.07,5.13,3.19,1250
762,1.22,Premium,H,VS2,62.9,59.0,6.79,6.76,4.26,6438
763,0.52,Very Good,H,SI1,61.7,60.0,5.17,5.14,3.18,1194
764,,Ideal,E,SI1,61.7,57.0,6.4,6.44,3.96,4853
765,0.42,Premium,G,VS2,62.4,59.0,4.82,4.77,2.99,1024
766,0.8,Very Good,E,SI1,62.5,58.0,5.9,5.95,3.71,3380
767,0.32,Ideal,D,SI1,63.0,56.0,4.4,4.37,2.77,756
768,1.55,Ideal,D,SI2,61.8,56.0,7.42,7.49,4.61,8530
769,0.6,Premium,,VS1,61.4,59.0,5.39,5.41,3.32,2313
770,0.3,Ideal,G,VS2,61.9,57.0,4.27,4.3,2.65,506
771,2.05,Very Good,,SI2,63.2,56.0,8.1,8.03,5.11,12587
772,2.1,Premium,,VS2,62.1,55.0,8.17,8.12,5.07,18559
773,0.3,Ideal,,VVS1,62.0,56.0,4.31,4.34,2.68,779
774,1.06,Ideal,H,VS2,61.3,57.0,6.55,6.58,4.03,6451
775,0.33,Premium,D,VS2,59.4,58.0,4.57,4.61,2.72,781
776,,Ideal,H,SI1,61.7,57.0,6.39,6.45,3.96,5161
777,,Very Good,D,SI1,62.8,55.0,5.19,5.22,3.27,1436
778,,Premium,,VS1,62.6,59.0,7.3,7.25,4.56,14375
779,1.51,Premium,F,SI1,62.2,59.0,7.33,7.36,4.56,12295
780,0.5,Very Good,J,VS2,62.8,59.0,5.01,5.04,3.17,1049
781,0.7,Premium,G,SI2,59.9,61.0,5.78,5.8,3.47,2166
782,0.9,Premium,E,SI1,61.0,60.0,6.19,6.14,3.78,3856
783,0.5,Ideal,F,VVS1,61.9,54.0,5.15,5.18,3.19,2023
784,1.04,Premium,H,SI2,61.5,59.0,6.57,6.53,4.02,4584
785,,Premium,I,SI1,62.6,58.0,6.73,6.68,4.2,5533
786,0.38,Ideal,E,VVS2,62.1,54.0,4.64,4.67,2.89,1158
787,0.41,Ideal,H,VS1,62.0,54.0,4.77,4.81,2.97,827
788,0.31,Ideal,F,VVS2,61.4,55.0,4.38,4.39,2.69,790
789,0.37,Premium,,VS1,61.3,58.0,4.56,4.59,2.79,666
790,0.72,Very Good,D,SI1,62.9,59.0,5.67,5.7,3.58,3007
791,0.3,Ideal,E,VS2,62.5,55.0,4.34,4.3,2.7,844
792,1.0,Very Good,,SI2,60.7,57.0,6.47,6.51,3.94,4290
793,0.32,Ideal,E,VS2,62.2,54.0,4.41,4.39,2.74,900
794,,Very Good,E,SI2,59.0,61.0,5.92,5.85,3.46,2368
795,0.41,Ideal,G,VS1,62.7,54.0,4.79,4.77,2.99,933
796,0.33,Ideal,,VVS1,61.9,57.0,4.47,4.44,2.76,936
797,1.11,Ideal,,SI1,61.7,59.0,6.65,6.62,4.1,5291
798,1.52,Good,F,SI2,64.2,60.0,7.24,7.19,4.62,8181
799,0.33,Ideal,F,VS2,61.1,56.0,4.45,4.49,2.73,854
800,0.52,Premium,,VS2,60.8,60.0,5.17,5.25,3.16,1605
801,0.32,Ideal,G,VS2,61.4,57.0,4.41,4.39,2.7,521
802,0.53,Ideal,,VS2,61.5,56.0,5.21,5.24,3.21,1546
803,1.24,Ideal,I,VS1,62.2,58.0,6.89,6.84,4.27,6368
804,1.03,Premium,F,VS1,62.0,58.0,6.46,6.39,3.98,7062
805,1.0,Premium,,SI2,61.8,60.0,6.32,6.31,3.91,4620
806,0.58,Very Good,E,IF,60.6,58.0,5.36,5.42,3.27,2763
807,0.33,Ideal,I,VVS2,62.1,54.0,4.38,4.4,2.72,579
808,0.25,Very Good,H,VVS1,62.9,56.0,3.98,4.02,2.5,526
809,,Ideal,G,IF,61.8,56.0,4.57,4.59,2.83,1090
810,1.02,Very Good,,SI2,63.1,56.0,6.38,6.43,4.04,4575
811,0.3,Ideal,,VVS1,62.0,55.0,4.3,4.32,2.67,1013
812,1.22,Premium,,VS2,61.8,58.0,6.86,6.82,4.23,9683
813,0.34,Ideal,,VS2,61.5,57.0,4.52,4.48,2.78,807
814,1.52,Premium,F,VVS1,60.2,60.0,7.45,7.49,4.49,18172
815,1.35,Premium,H,SI2,61.1,60.0,7.15,7.1,4.35,5633
816,1.39,Ideal,,SI1,62.9,57.0,7.14,7.1,4.45,7055
817,,Premium,H,VS2,61.2,60.0,7.53,7.5,4.6,11149
818,0.7,Fair,D,VS2,60.4,59.0,5.52,5.56,3.34,2352
819,0.33,Ideal,,VS1,62.1,54.0,4.44,4.47,2.77,663
820,0.6,Premium,E,SI1,59.6,61.0,5.48,5.51,3.28,1708
821,0.7,Very Good,I,SI1,60.2,58.0,5.79,5.75,3.47,2141
822,0.31,Ideal,H,VS2,60.8,57.0,4.37,4.39,2.66,471
823,0.9,Very Good,E,SI2,63.2,57.0,6.14,6.1,3.87,3629
824,,Ideal,,VS2,61.9,55.0,5.71,5.74,3.54,2322
825,,Ideal,G,VVS1,61.0,56.0,4.48,4.45,2.73,868
826,0.3,Ideal,D,VS2,62.9,57.0,4.27,4.3,2.69,710
827,0.32,Ideal,,VVS1,61.9,55.0,4.41,4.38,2.72,1012
828,0.7,Ideal,,SI1,60.4,56.0,5.76,5.79,3.48,2802
829,1.01,Ideal,F,SI1,62.6,55.0,6.38,6.44,4.01,5055
830,0.39,Very Good,G,VVS2,60.7,58.0,4.74,4.78,2.89,933
831,2.01,Ideal,H,SI2,60.6,60.0,8.08,8.17,4.92,15762
832,1.04,Premium,G,VS2,61.0,58.0,6.56,6.53,3.99,7305
833,,Good,,SI2,63.6,56.0,6.14,6.17,3.91,3546
834,0.53,Ideal,J,VS1,61.5,56.0,5.21,5.17,3.18,1436
835,,Very Good,D,SI2,63.2,58.0,6.05,6.08,3.84,3703
836,0.3,Ideal,E,VS2,62.3,56.0,4.37,4.34,2.72,844
837,1.02,Very Good,H,SI1,60.6,60.0,6.49,6.54,3.94,4702
838,,Good,E,VS1,62.3,58.0,5.66,5.69,3.53,2812
839,1.01,Premium,F,VS2,62.0,61.0,6.43,6.36,3.97,6468
840,0.41,Ideal,F,VS2,61.7,57.0,4.78,4.73,2.93,1107
841,1.63,Premium,G,VS1,62.4,58.0,7.54,7.49,4.68,14112
842,0.33,Ideal,F,VVS1,61.9,56.0,4.46,4.43,2.75,893
843,0.4,Premium,E,SI1,59.5,59.0,4.81,4.85,2.88,780
844,0.7,Ideal,,SI2,62.6,57.0,5.66,5.69,3.55,2085
845,1.0,Good,,I1,63.3,59.0,6.24,6.29,3.97,3114
846,0.27,Very Good,E,VVS1,62.5,59.0,4.11,4.13,2.58,642
847,0.57,Ideal,E,VS2,61.7,56.0,5.34,5.37,3.3,1825
848,0.41,Ideal,D,VS1,61.1,56.0,4.79,4.82,2.93,1096
849,0.3,Ideal,D,SI1,61.4,56.0,4.36,4.38,2.68,552
850,1.58,Good,D,SI1,62.6,58.0,7.43,7.46,4.67,12200
851,,Very Good,I,VVS1,62.4,59.0,5.66,5.68,3.54,2388
852,0.53,Ideal,,SI1,62.2,55.0,5.21,5.19,3.23,1400
853,,Very Good,D,SI2,60.1,58.0,6.55,6.59,3.95,4250
854,0.7,Premium,E,VS2,61.9,59.0,5.66,5.61,3.5,2837
855,,Ideal,,VVS2,61.7,57.0,4.36,4.39,2.69,707
856,1.47,Very Good,I,VVS2,62.4,58.0,7.22,7.18,4.49,9526
857,0.9,Good,E,VVS1,62.3,62.0,6.16,6.13,3.83,5167
858,0.35,Ideal,H,IF,61.4,54.0,4.59,4.56,2.81,1017
859,0.3,Very Good,I,SI1,62.8,57.0,4.23,4.25,2.67,394
860,,Premium,D,VS2,62.8,58.0,4.75,4.72,2.99,1050
861,1.08,Premium,I,VS1,58.2,60.0,6.8,6.71,3.92,5154
862,,Ideal,,VS2,61.3,57.0,6.66,6.72,4.1,7190
863,0.29,Very Good,I,SI1,62.2,58.0,4.26,4.28,2.66,465
864,1.59,Very Good,,VS2,63.0,59.0,7.39,7.45,4.69,14372
865,1.4,Very Good,H,SI2,62.5,58.0,7.17,7.12,4.48,7177
866,,Ideal,E,VS2,62.5,57.0,5.82,5.86,3.66,3091
867,,Premium,H,VS2,61.8,61.0,6.11,6.08,3.77,3881
868,,Very Good,E,VS2,59.4,57.0,6.6,6.65,3.92,6954
869,1.02,Premium,I,VS2,62.0,58.0,6.38,6.48,3.98,4029
870,0.5,Very Good,F,SI1,60.2,61.0,5.15,5.09,3.09,1250
871,0.5,Ideal,,SI2,61.9,57.0,5.1,5.05,3.14,1295
872,,Premium,F,SI2,62.3,58.0,6.19,6.15,3.84,3699
873,0.51,Ideal,G,VVS1,62.3,55.0,5.15,5.12,3.2,1883
874,0.24,Ideal,H,VVS1,61.6,57.0,4.03,4.05,2.48,557
875,0.3,Ideal,G,IF,62.1,57.0,4.28,4.3,2.66,895
876,1.0,Very Good,H,VS1,63.1,58.0,6.32,6.36,4.0,5302
877,,Premium,E,SI2,61.7,58.0,5.69,5.73,3.52,2364
878,0.52,Ideal,,SI1,61.8,55.0,5.16,5.2,3.21,1684
879,,Ideal,J,VS1,61.5,56.0,4.02,4.05,2.47,358
880,0.8,Premium,H,VS2,61.0,59.0,5.96,5.92,3.64,2810
881,,Very Good,F,VVS2,60.6,58.0,4.2,4.23,2.56,572
882,0.33,Ideal,F,VS1,61.4,56.0,4.47,4.48,2.75,780
883,0.35,Ideal,F,VS2,61.9,55.0,4.53,4.55,2.8,906
884,1.0,Premium,I,SI2,60.5,62.0,6.44,6.39,3.88,3656
885,0.36,Ideal,H,VS1,61.6,55.0,4.59,4.62,2.84,807
886,0.26,Very Good,H,VVS2,63.2,56.0,4.08,4.05,2.57,434
887,1.12,Ideal,,SI1,62.1,55.0,6.64,6.68,4.14,6216
888,1.01,Premium,F,VVS2,62.0,60.0,6.42,6.38,3.97,8501
889,1.33,Very Good,G,SI2,63.3,57.0,6.99,6.96,4.41,5996
890,0.71,Ideal,I,SI1,61.9,56.0,5.72,5.74,3.55,2167
891,0.7,Premium,F,SI1,60.8,59.0,5.78,5.73,3.49,2351
892,1.04,Premium,G,VS2,60.8,61.0,6.57,6.49,3.98,6153
893,1.26,Ideal,,VS1,61.9,55.0,7.0,7.02,4.32,9425
894,0.77,Ideal,E,SI1,62.3,57.0,5.84,5.89,3.64,2902
895,0.53,Ideal,H,VVS2,62.3,56.0,5.17,5.24,3.24,1749
896,1.05,Ideal,E,VS2,62.3,57.0,6.52,6.47,4.05,6765
897,1.01,Good,E,VVS2,63.1,60.0,6.34,6.38,4.01,8400
898,0.9,Premium,H,SI2,62.7,60.0,6.17,6.14,3.87,3220
899,1.14,Very Good,H,SI1,61.6,60.0,6.66,6.7,4.11,5335
900,0.7,Very Good,H,SI1,62.8,57.0,5.68,5.66,3.56,2330
901,0.56,Ideal,G,SI1,62.4,55.0,5.31,5.34,3.32,1565
902,2.03,Premium,I,SI2,62.3,55.0,8.04,8.08,5.02,12899
903,1.09,Ideal,F,SI2,61.3,54.0,6.62,6.66,4.07,4788
904,0.33,Premium,,VS2,59.3,58.0,4.49,4.54,2.68,781
905,,Ideal,,VVS2,62.4,57.0,4.68,4.65,2.91,855
906,0.9,Premium,,VS2,62.0,60.0,6.15,6.08,3.79,3720
907,0.46,Ideal,E,VS2,61.4,57.0,4.96,4.99,3.06,1060
908,0.4,Very Good,E,SI1,61.9,56.0,4.67,4.71,2.9,687
909,0.35,Ideal,E,VS1,61.9,56.0,4.52,4.53,2.8,829
910,0.7,Good,G,SI1,60.2,61.0,5.73,5.78,3.46,2275
911,0.54,Ideal,,VS1,61.7,56.0,5.2,5.24,3.22,1659
912,0.55,Premium,,VVS2,61.0,57.0,5.26,5.32,3.23,1879
913,,Ideal,G,SI2,61.9,56.0,5.25,5.27,3.25,1280
914,0.92,Ideal,G,SI2,61.1,57.0,6.24,6.27,3.82,3420
915,1.21,Good,I,VS1,63.7,57.0,6.74,6.69,4.28,4696
916,0.3,Ideal,,VS1,61.0,57.0,4.34,4.39,2.67,844
917,2.22,Premium,I,VS1,62.4,60.0,8.36,8.26,5.19,18709
918,2.03,Very Good,H,SI1,62.9,60.0,7.95,8.08,5.05,17452
919,0.52,Ideal,G,VS1,61.5,56.0,5.2,5.22,3.2,1847
920,1.01,Ideal,G,VS2,62.6,57.0,6.4,6.44,4.03,5880
921,1.21,Ideal,,VS2,61.7,57.0,6.84,6.88,4.23,7823
922,,Very Good,H,SI1,58.3,60.0,6.61,6.53,3.82,4413
923,1.01,Good,F,SI2,63.9,58.0,6.34,6.31,4.04,4654
924,,Ideal,I,VVS1,62.1,57.0,4.28,4.3,2.66,564
925,,Premium,H,SI2,60.5,58.0,6.92,6.88,4.17,5621
926,0.7,Very Good,G,SI1,61.2,60.0,5.71,5.75,3.51,2285
927,0.91,Very Good,G,SI2,62.4,59.0,6.2,6.17,3.86,3742
928,0.72,Ideal,I,VS1,61.4,56.0,5.82,5.78,3.55,2652
929,0.53,Ideal,D,VS2,60.7,57.0,5.21,5.25,3.17,1659
930,0.32,Ideal,D,VVS2,61.7,56.0,4.37,4.41,2.71,1041
931,1.04,Ideal,G,VS2,61.3,56.0,6.51,6.53,4.0,7548
932,0.33,Ideal,H,VS2,62.7,57.0,4.45,4.41,2.77,537
933,1.53,Ideal,E,SI1,62.3,57.0,7.34,7.37,4.58,13661
934,0.53,Ideal,I,VS2,61.6,55.0,5.2,5.23,3.21,1202
935,1.6,Premium,,VS1,60.5,58.0,7.57,7.58,4.57,14278
936,1.09,Premium,G,VS2,58.9,58.0,6.74,6.68,3.96,5902
937,1.01,Premium,E,VS2,62.7,60.0,6.37,6.41,4.01,6004
938,0.31,Very Good,E,VS2,62.9,58.0,4.3,4.27,2.69,680
939,0.75,Ideal,G,VS2,62.6,57.0,5.73,5.82,3.61,2723
940,1.01,Ideal,H,VVS2,61.8,56.0,6.42,6.46,3.98,6236
941,0.55,Ideal,E,SI1,62.4,56.0,5.25,5.28,3.3,1668
942,1.51,Premium,G,SI1,62.3,58.0,7.35,7.32,4.57,6212
943,0.7,Very Good,E,VS2,60.7,55.0,5.72,5.76,3.49,2867
944,2.05,Premium,,SI1,61.4,59.0,8.12,8.18,5.01,15398
945,,Premium,F,VS2,61.5,59.0,4.56,4.6,2.82,726
946,0.56,Ideal,,VVS2,61.0,56.0,5.3,5.34,3.24,2203
947,0.31,Ideal,I,VS1,61.2,56.0,4.38,4.41,2.69,709
948,,Premium,,SI1,62.6,55.0,6.78,6.75,4.23,5112
949,0.5,Good,,VVS1,58.0,62.0,5.17,5.2,3.02,1031
950,1.56,Ideal,H,VS2,62.0,55.0,7.37,7.47,4.62,13930
951,,Ideal,F,VS2,62.4,56.0,6.4,6.38,3.99,6728
952,0.32,Ideal,I,VS2,61.5,56.0,4.39,4.42,2.71,461
953,0.57,Ideal,E,VS2,61.2,54.0,5.34,5.37,3.28,1779
954,0.9,Premium,G,SI1,59.5,59.0,6.24,6.29,3.73,3774
955,0.27,Ideal,F,VS2,61.0,57.0,4.19,4.21,2.56,586
956,1.5,Premium,F,SI2,62.6,58.0,7.31,7.27,4.57,8334
957,1.51,Very Good,I,VS2,63.3,58.0,7.35,7.25,4.62,9139
958,1.06,Ideal,,SI1,61.9,56.0,6.52,6.55,4.04,5415
959,0.32,Ideal,D,VS2,62.3,55.0,4.4,4.4,2.74,805
960,0.91,Premium,H,VS1,63.0,59.0,6.15,6.11,3.85,3963
961,1.0,Very Good,,SI2,63.2,57.0,6.31,6.28,3.99,3276
962,0.32,Ideal,E,SI1,62.0,55.0,4.4,4.42,2.73,660
963,0.31,Ideal,,IF,61.3,56.0,4.37,4.41,2.69,1168
964,0.3,Ideal,F,IF,62.1,56.0,4.31,4.33,2.68,886
965,0.31,Ideal,D,SI1,61.1,56.0,4.35,4.37,2.66,571
966,0.57,Very Good,,SI1,60.2,57.0,5.42,5.37,3.25,1551
967,0.9,Very Good,,VS1,61.3,58.0,6.19,6.22,3.8,3596
968,0.42,Ideal,F,VVS1,61.9,56.0,4.84,4.81,2.99,1421
969,1.0,Premium,H,SI1,62.6,59.0,6.36,6.39,3.99,4641
970,1.52,Ideal,E,SI2,61.5,56.0,7.38,7.41,4.54,10512
971,0.5,Premium,G,SI2,62.2,58.0,5.09,5.06,3.15,949
972,0.32,Ideal,I,SI1,62.3,56.0,4.37,4.39,2.73,540
973,0.55,Ideal,H,SI1,61.8,54.0,5.23,5.25,3.24,1286
974,,Ideal,,VVS2,61.4,57.0,5.42,5.46,3.34,2462
975,1.26,Very Good,H,SI1,62.6,57.0,6.85,6.87,4.32,6586
976,,Fair,G,VS2,63.1,67.0,6.0,5.94,3.78,3290
977,0.5,Very Good,H,SI1,64.8,57.0,4.97,4.99,3.23,1017
978,0.51,Ideal,E,VS2,62.6,56.0,5.08,5.12,3.2,1659
979,,Ideal,I,SI1,61.9,56.0,4.52,4.49,2.78,478
980,0.38,Ideal,,VS2,62.4,56.0,4.67,4.64,2.91,791
981,1.02,Premium,F,VS2,61.0,59.0,6.54,6.47,3.95,7075
982,2.0,Very Good,,SI2,60.3,54.0,8.0,8.04,4.85,16064
983,0.61,Very Good,G,VS1,61.9,55.0,5.43,5.47,3.38,2420
984,0.3,Ideal,H,VS2,60.6,57.0,4.37,4.4,2.66,608
985,0.71,Ideal,E,SI1,62.2,57.0,5.69,5.74,3.56,2739
986,0.23,Ideal,,VVS2,61.2,57.0,3.94,3.98,2.42,530
987,1.5,Good,E,VS2,63.0,59.0,7.24,7.29,4.58,15303
988,1.39,Premium,I,SI2,62.0,59.0,7.18,7.15,4.42,7826
989,2.04,Ideal,G,SI1,62.9,54.0,8.09,8.18,5.11,18736
990,0.57,Ideal,G,VS2,61.7,55.0,5.32,5.36,3.29,1634
991,1.02,Ideal,G,VS2,61.0,56.0,6.54,6.48,3.98,6333
992,0.4,Premium,E,VS1,61.8,59.0,4.72,4.76,2.93,1125
993,,Very Good,E,SI2,62.6,58.0,5.7,5.73,3.57,2371
994,,Ideal,G,VVS2,62.5,54.0,4.43,4.38,2.76,907
995,0.35,Ideal,G,VVS1,62.0,55.0,4.53,4.56,2.82,1091
996,1.02,Good,F,SI1,63.9,59.0,6.31,6.34,4.04,4712
997,1.05,Very Good,I,SI2,60.3,59.0,6.54,6.58,3.95,3884
998,0.8,Very Good,G,SI1,63.5,58.0,5.84,5.88,3.7,2885
999,1.01,Premium,G,VVS2,62.3,58.0,6.39,6.44,4.0,6989
1000,1.02,Ideal,,SI2,62.7,57.0,6.39,6.43,4.02,5169
1001,2.01,Very Good,G,SI2,60.8,59.0,8.07,8.15,4.94,13588
1002,0.41,Good,,VVS2,63.1,55.0,4.72,4.74,2.99,827
1003,0.72,Ideal,,VS2,61.4,54.0,5.72,5.79,3.53,3172
1004,0.9,Good,D,SI1,63.9,54.0,6.09,6.06,3.88,4210
1005,,Ideal,,VS2,61.8,55.0,4.83,4.79,2.97,1087
1006,1.03,Ideal,H,SI1,62.2,58.0,6.44,6.49,4.02,5093
1007,0.7,Ideal,E,SI1,62.0,56.0,5.69,5.72,3.54,2766
1008,0.52,Ideal,E,VS2,61.9,57.0,5.14,5.17,3.19,1721
1009,,Ideal,G,SI2,62.7,56.0,6.73,6.66,4.21,4937
1010,1.56,Ideal,G,SI1,61.3,57.0,7.44,7.47,4.57,11864
1011,0.3,Premium,,SI1,62.1,59.0,4.29,4.32,2.67,709
1012,0.74,Ideal,G,VS1,61.3,57.0,5.85,5.85,3.59,2964
1013,0.3,Ideal,H,VS1,60.7,57.0,4.36,4.34,2.64,559
1014,0.42,Premium,F,VS1,60.3,58.0,4.88,4.83,2.93,1140
1015,0.31,Good,H,VVS1,63.3,58.0,4.31,4.33,2.73,707
1016,0.71,Good,D,SI1,58.2,60.0,5.89,5.81,3.4,2808
1017,,Premium,,SI2,58.0,61.0,6.47,6.34,3.71,4077
1018,,Ideal,E,SI1,62.8,57.0,4.55,4.6,2.87,649
1019,,Premium,F,VS1,61.6,58.0,4.76,4.77,2.94,1076
1020,1.0,Ideal,J,VS2,61.2,55.0,6.48,6.43,3.95,3447
1021,2.4,Good,F,SI2,63.7,55.0,8.4,8.35,5.3,18069
1022,,Ideal,G,IF,61.7,54.0,4.48,4.51,2.77,925
1023,0.3,Ideal,H,VS1,62.7,55.0,4.3,4.28,2.69,675
1024,0.78,Ideal,F,VS2,62.1,56.0,5.92,5.88,3.66,3238
1025,0.4,Very Good,J,VS2,64.1,57.0,4.66,4.7,3.0,700
1026,0.33,Ideal,D,SI2,62.0,56.0,4.51,4.46,2.78,631
1027,,Very Good,G,VVS2,63.7,55.0,5.08,5.05,3.21,1934
1028,0.32,Ideal,G,VVS1,61.9,57.0,4.38,4.42,2.72,818
1029,1.5,Very Good,H,VS1,63.3,59.0,7.2,7.24,4.57,11365
1030,1.5,Ideal,H,VS2,61.9,57.0,7.23,7.31,4.49,10455
1031,0.36,Good,D,SI1,63.1,56.0,4.52,4.55,2.88,663
1032,0.35,Premium,F,SI1,60.1,59.0,4.61,4.58,2.76,731
1033,0.72,Ideal,J,SI1,62.7,56.0,5.68,5.72,3.58,1937
1034,,Very Good,G,VS2,62.0,58.0,6.19,6.24,3.86,4887
1035,0.72,Premium,F,VS1,61.9,58.0,5.78,5.71,3.56,2843
1036,0.7,Ideal,,SI2,62.7,56.0,5.64,5.6,3.52,2100
1037,,Ideal,G,VS1,61.9,57.0,5.08,5.13,3.16,1746
1038,,Ideal,F,SI1,62.1,57.0,4.27,4.29,2.66,614
1039,1.01,Good,,SI1,64.3,58.0,6.3,6.25,4.03,4274
1040,0.34,Very Good,E,SI2,60.5,61.0,4.54,4.56,2.75,477
1041,1.22,Ideal,F,VVS2,61.7,56.0,6.79,6.86,4.21,9498
1042,1.2,Premium,F,SI1,62.4,59.0,6.74,6.68,4.2,5367
1043,0.47,Premium,,VS2,61.5,60.0,5.03,4.94,3.04,1103
1044,1.55,Very Good,E,VS2,62.6,58.0,7.32,7.41,4.61,15147
1045,0.3,Very Good,,VS2,63.1,55.0,4.24,4.28,2.69,508
1046,,Very Good,E,SI1,63.1,58.0,6.31,6.37,4.01,5291
1047,0.5,Very Good,,SI1,62.7,61.0,5.03,5.07,3.16,1197
1048,1.01,Ideal,E,I1,62.9,57.0,6.41,6.37,4.02,3603
1049,0.3,Ideal,H,VVS1,62.0,56.0,4.33,4.31,2.68,665
1050,0.77,Very Good,G,SI1,63.3,58.0,5.77,5.86,3.68,2721
1051,0.38,Ideal,,VVS1,61.9,56.0,4.63,4.67,2.88,1097
1052,0.71,Ideal,E,VS2,61.7,57.0,5.7,5.74,3.53,3047
1053,1.01,Good,,SI2,63.1,58.0,6.31,6.35,3.99,3527
1054,1.01,Ideal,I,SI1,61.8,56.0,6.47,6.44,3.99,4514
1055,1.2,Ideal,G,VS1,61.3,58.0,6.83,6.77,4.17,8803
1056,0.9,Very Good,,SI1,63.5,57.0,6.04,6.12,3.86,3749
1057,0.41,Ideal,E,VS1,62.0,55.0,4.77,4.82,2.97,1160
1058,1.02,Premium,F,VS2,61.7,54.0,6.52,6.49,4.01,6552
1059,1.16,Premium,I,SI1,62.1,59.0,6.73,6.68,4.17,4644
1060,1.0,Very Good,G,VS1,63.0,59.0,6.34,6.31,3.97,6726
1061,0.71,Ideal,,VVS1,62.8,55.0,5.68,5.72,3.58,3417
1062,1.07,Ideal,F,SI1,61.5,55.0,6.56,6.58,4.04,6039
1063,,Very Good,E,SI1,63.0,58.0,4.25,4.31,2.7,544
1064,1.2,Ideal,E,SI1,60.6,57.0,6.88,6.92,4.17,6896
1065,0.41,Ideal,E,VS2,62.6,54.0,4.78,4.76,2.98,905
1066,,Very Good,H,VS1,61.2,55.0,4.0,4.05,2.45,338
1067,2.01,Very Good,I,SI1,63.1,59.0,8.03,7.98,5.05,16329
1068,0.31,Ideal,,SI2,62.0,56.0,4.37,4.35,2.7,593
1069,,Good,H,SI1,63.7,57.0,5.65,5.72,3.62,3685
1070,,Ideal,G,VS1,61.3,57.0,7.0,6.95,4.28,9005
1071,0.38,Ideal,E,VS2,61.1,56.0,4.68,4.71,2.87,835
1072,0.36,Ideal,E,VVS2,61.8,56.0,4.57,4.6,2.84,810
1073,0.71,Ideal,G,SI1,61.4,56.0,5.73,5.7,3.51,2581
1074,1.14,Very Good,F,IF,60.1,58.0,6.78,6.83,4.09,10663
1075,0.5,Premium,G,VS2,62.1,61.0,5.12,5.09,3.17,1577
1076,0.94,Ideal,F,SI2,62.6,54.0,6.25,6.2,3.9,3690
1077,1.27,Premium,,VS2,62.0,60.0,6.93,6.87,4.28,9169
1078,0.32,Ideal,H,VS2,61.5,56.0,4.39,4.41,2.71,505
1079,0.51,Ideal,G,SI1,61.5,56.0,5.16,5.18,3.18,1286
1080,,Ideal,F,SI2,61.0,56.0,5.94,5.98,3.65,2674
1081,0.3,Ideal,F,SI1,61.9,57.0,4.3,4.32,2.66,491
1082,1.02,Ideal,F,VS1,61.6,56.0,6.48,6.54,4.01,8796
1083,0.52,Very Good,F,SI1,61.9,58.0,5.14,5.18,3.19,1392
1084,0.41,Ideal,E,VS2,61.8,55.0,4.82,4.77,2.96,957
1085,0.41,Premium,F,VS1,60.7,61.0,4.8,4.77,2.89,1024
1086,1.22,Very Good,H,VS2,62.7,58.0,6.78,6.82,4.26,7411
1087,,Ideal,E,SI2,63.0,57.0,6.89,6.84,4.34,6346
1088,0.57,Ideal,G,VS1,61.1,57.0,5.36,5.3,3.26,2250
1089,,Ideal,G,VVS2,62.3,55.0,4.89,4.92,3.05,1105
1090,0.33,Ideal,E,VS1,61.8,56.0,4.49,4.47,2.77,1002
1091,,Ideal,E,SI1,60.8,56.0,5.75,5.77,3.5,2719
1092,0.4,Premium,G,VS1,61.8,58.0,4.72,4.69,2.91,952
1093,,Ideal,G,VS1,61.3,57.0,5.68,5.72,3.49,2966
1094,,Ideal,F,SI2,61.3,57.0,6.53,6.51,4.0,4915
1095,,Very Good,H,VS2,63.2,57.0,6.07,6.1,3.85,3968
1096,0.31,Ideal,,IF,61.9,55.0,4.36,4.39,2.71,914
1097,,Fair,E,SI2,64.4,57.0,5.62,5.59,3.59,2351
1098,1.5,Premium,J,VS2,63.0,58.0,7.27,7.22,4.58,7950
1099,1.08,Ideal,H,SI2,62.3,57.0,6.56,6.6,4.1,4918
1100,0.56,Very Good,E,VS2,60.1,56.0,5.4,5.37,3.23,2003
1101,0.54,Very Good,I,VS2,63.3,57.0,5.18,5.15,3.27,1304
1102,0.31,Very Good,,VS1,62.7,59.0,4.3,4.34,2.71,642
1103,1.29,Premium,H,VS1,60.1,58.0,7.15,7.18,4.31,7923
1104,1.13,Premium,,SI1,62.0,58.0,6.68,6.64,4.13,4470
1105,0.51,Ideal,D,VS2,60.6,56.0,5.21,5.19,3.14,1866
1106,,Ideal,D,SI1,61.6,55.0,7.25,7.29,4.48,13280
1107,0.54,Ideal,G,VVS2,62.3,55.0,5.19,5.17,3.23,1814
1108,,Premium,F,SI1,61.1,59.0,6.43,6.41,3.92,5260
1109,,Ideal,G,VS2,62.5,56.0,4.77,4.74,2.98,1087
1110,,Premium,,VS2,62.4,59.0,6.82,6.86,4.27,8563
1111,0.31,Ideal,,SI1,62.1,56.0,4.33,4.37,2.7,597
1112,1.07,Very Good,F,VS2,62.0,58.0,6.51,6.53,4.05,6459
1113,1.23,Ideal,H,VVS2,61.3,57.0,6.98,6.94,4.26,9678
1114,0.24,Very Good,F,IF,62.0,55.0,3.99,4.01,2.47,633
1115,0.56,Ideal,H,VS1,62.1,56.0,5.28,5.32,3.29,1637
1116,0.4,Premium,G,VS2,62.8,59.0,4.72,4.67,2.94,829
1117,,Premium,D,VVS1,60.9,59.0,4.52,4.48,2.74,1272
1118,0.31,Ideal,G,VVS1,62.2,57.0,4.35,4.36,2.71,865
1119,1.02,Ideal,,SI1,62.1,56.0,6.42,6.46,4.0,4975
1120,1.1,Premium,I,SI1,60.2,61.0,6.68,6.62,4.01,4427
1121,0.34,Ideal,H,VVS2,61.4,55.0,4.5,4.51,2.76,694
1122,0.51,Ideal,,VS2,62.2,57.0,5.11,5.14,3.19,1815
1123,1.01,Ideal,H,SI1,62.0,56.0,6.47,6.41,3.99,4925
1124,,Ideal,F,VVS1,61.2,56.0,4.39,4.44,2.7,867
1125,0.34,Ideal,,VVS2,62.6,54.0,4.41,4.44,2.77,775
1126,0.5,Premium,E,SI2,62.3,58.0,5.09,5.11,3.18,1175
1127,,Ideal,,SI1,62.2,55.0,5.7,5.67,3.54,2706
1128,0.32,Ideal,H,IF,62.3,57.0,4.35,4.38,2.72,814
1129,0.53,Ideal,G,VVS2,62.2,55.0,5.21,5.17,3.23,2099
1130,0.3,Premium,H,VS2,60.5,58.0,4.35,4.37,2.64,521
1131,1.02,Premium,I,SI1,62.7,58.0,6.34,6.36,3.99,3301
1132,0.38,Ideal,,VVS1,61.0,55.0,4.68,4.72,2.87,1267
1133,0.7,Ideal,G,VS1,61.9,55.0,5.71,5.75,3.55,2803
1134,0.32,Premium,G,VVS1,60.2,58.0,4.44,4.48,2.68,1080
1135,1.0,Very Good,D,SI2,62.4,59.0,6.34,6.38,3.97,4522
1136,0.34,Ideal,,SI1,61.1,55.0,4.53,4.51,2.76,684
1137,1.01,Premium,H,SI2,62.3,59.0,6.37,6.41,3.98,4498
1138,0.5,Premium,G,VVS1,62.3,60.0,5.12,5.08,3.18,2070
1139,0.43,Ideal,F,VS1,60.9,57.0,4.88,4.87,2.97,910
1140,1.54,Premium,D,VS2,62.7,57.0,7.43,7.36,4.62,15802
1141,0.34,Very Good,G,VS1,61.0,59.0,4.5,4.54,2.75,657
1142,1.01,Premium,,SI2,62.8,58.0,6.33,6.36,3.99,4290
1143,,Premium,D,SI1,59.6,59.0,4.83,4.91,2.89,992
1144,0.7,Ideal,F,VVS2,62.1,56.0,5.65,5.69,3.52,3290
1145,2.01,Premium,I,VS1,60.3,61.0,8.13,8.07,4.89,15931
1146,1.27,Premium,H,VS1,61.6,58.0,6.99,6.95,4.29,7989
1147,1.2,Ideal,G,VS2,61.4,57.0,6.82,6.86,4.2,7134
1148,,Good,D,VS2,64.0,58.0,5.01,5.04,3.22,1749
1149,0.31,Ideal,D,VS2,62.4,56.0,4.36,4.33,2.71,942
1150,,Ideal,,VVS1,61.2,56.0,4.34,4.38,2.67,826
1151,1.2,Premium,,SI2,62.7,55.0,6.82,6.74,4.25,5433
1152,1.12,Premium,G,VS1,62.2,57.0,6.65,6.67,4.14,6076
1153,,Premium,H,SI1,62.4,58.0,8.59,8.56,5.31,18028
1154,0.3,Very Good,E,IF,60.8,59.0,4.25,4.28,2.6,789
1155,0.4,Ideal,G,VS2,62.6,57.0,4.65,4.7,2.93,984
1156,1.15,Ideal,,SI1,60.9,60.0,6.72,6.82,4.13,4695
1157,2.0,Ideal,G,VS2,67.7,58.0,7.59,7.63,5.12,17570
1158,0.42,Very Good,E,VVS2,59.1,59.0,4.92,4.96,2.92,1251
1159,2.01,Premium,I,SI1,62.3,59.0,8.08,8.06,5.03,15291
1160,,Ideal,,VS2,62.4,57.0,4.46,4.49,2.79,645
1161,1.01,Ideal,G,VS2,62.2,54.0,6.42,6.38,3.98,6299
1162,,Ideal,D,SI2,62.0,56.0,5.18,5.21,3.22,1308
1163,0.32,Premium,E,SI1,60.8,58.0,4.41,4.44,2.69,561
1164,1.56,Ideal,I,SI1,61.9,57.0,7.39,7.44,4.58,7974
1165,0.31,Very Good,G,VVS2,62.8,57.0,4.32,4.38,2.74,907
1166,0.54,Premium,G,SI1,61.3,60.0,5.23,5.27,3.22,1304
1167,1.01,Very Good,H,SI1,62.5,60.0,6.36,6.39,3.99,4743
1168,0.32,Ideal,E,VS2,61.9,56.0,4.43,4.38,2.73,900
1169,1.53,Ideal,D,SI1,61.6,55.0,7.45,7.41,4.58,13777
1170,1.2,Ideal,J,SI2,61.5,56.0,6.79,6.82,4.19,3913
1171,1.28,Ideal,G,SI1,61.1,57.0,7.04,7.0,4.28,7443
1172,1.52,Ideal,F,SI1,61.5,53.9,7.44,7.39,4.57,13152
1173,0.32,Very Good,,SI1,62.3,58.0,4.4,4.45,2.76,589
1174,,Ideal,H,VS1,61.7,57.0,6.64,6.6,4.1,7311
1175,0.7,Ideal,I,VS2,59.8,57.0,5.75,5.81,3.45,2320
1176,,Ideal,E,VS1,61.3,56.0,4.54,4.58,2.8,829
1177,0.3,Good,H,SI1,63.9,54.0,4.25,4.29,2.73,442
1178,0.4,Very Good,D,SI1,63.4,58.0,4.68,4.65,2.95,756
1179,0.32,Ideal,G,VVS1,61.6,56.0,4.41,4.38,2.71,1080
1180,0.28,Ideal,F,VS2,61.8,54.0,4.21,4.24,2.62,487
1181,1.04,Ideal,H,SI1,62.4,55.0,6.47,6.5,4.05,5049
1182,,Ideal,,SI1,62.0,55.0,5.79,5.76,3.58,2805
1183,0.73,Premium,E,VS1,62.7,60.0,5.74,5.72,3.59,3465
1184,0.6,Fair,E,SI2,67.8,61.0,5.31,5.17,3.94,1999
1185,1.54,Premium,G,VS2,61.0,58.0,7.42,7.49,4.54,13320
1186,0.3,Ideal,F,IF,62.2,54.0,4.34,4.3,2.69,957
1187,0.34,Ideal,,SI1,62.6,54.0,4.5,4.52,2.83,589
1188,0.7,Ideal,G,SI1,61.2,57.0,5.66,5.73,3.49,2288
1189,1.11,Very Good,D,SI2,61.8,60.0,6.65,6.61,4.1,5050
1190,1.5,Very Good,D,SI1,61.5,59.0,7.33,7.38,4.52,11431
1191,2.03,Ideal,I,VS2,62.1,56.0,8.15,8.1,5.05,16817
1192,2.19,Ideal,H,SI2,62.6,55.0,8.25,8.23,5.13,11226
1193,1.05,Premium,,SI1,62.1,56.0,6.53,6.57,4.07,4498
1194,1.78,Ideal,F,SI1,62.3,57.0,7.68,7.73,4.81,12831
1195,0.51,Ideal,F,VS2,61.9,56.0,5.13,5.15,3.18,1402
1196,0.71,Very Good,,VS2,63.1,57.0,5.72,5.68,3.59,3075
1197,0.7,Premium,E,VS1,61.9,58.0,5.7,5.65,3.51,2874
1198,,Ideal,H,SI2,62.1,55.0,6.66,6.59,4.13,4611
1199,0.71,Very Good,J,VS2,62.8,58.0,5.71,5.76,3.59,2198
1200,0.27,Very Good,D,VS1,61.7,57.0,4.14,4.17,2.57,622
1201,0.32,Ideal,H,VS2,62.0,56.0,4.39,4.37,2.72,580
1202,0.7,Premium,H,VS1,62.5,59.0,5.69,5.64,3.54,2366
1203,,Ideal,H,VS2,62.6,57.0,6.42,6.38,4.0,5322
1204,,Ideal,G,VS1,61.2,55.0,7.6,7.56,4.66,14137
1205,0.3,Ideal,D,SI1,61.4,56.0,4.31,4.34,2.65,589
1206,0.39,Very Good,D,VVS2,59.1,57.0,4.78,4.82,2.82,1119
1207,0.31,Ideal,D,VVS2,62.4,56.0,4.33,4.36,2.71,766
1208,0.38,Very Good,D,VS1,60.0,59.0,4.7,4.71,2.82,933
1209,1.16,Ideal,G,VS2,62.5,55.0,6.71,6.64,4.17,7096
1210,1.04,Premium,,VS2,61.8,58.0,6.53,6.5,4.03,5818
1211,0.34,Premium,G,VS2,59.8,61.0,4.54,4.51,2.71,765
1212,0.6,Premium,E,SI1,60.8,58.0,5.39,5.44,3.29,1551
1213,0.3,Very Good,F,SI2,62.9,58.0,4.25,4.27,2.68,394
1214,,Ideal,,SI1,62.1,57.0,4.74,4.76,2.95,875
1215,1.01,Good,F,VS2,63.7,58.0,6.3,6.38,4.04,6106
1216,1.54,Ideal,H,SI1,61.7,56.0,7.35,7.46,4.57,8688
1217,1.03,Ideal,G,SI2,61.8,55.0,6.48,6.53,4.02,4242
1218,0.31,Ideal,E,VVS1,60.6,57.0,4.39,4.41,2.66,1000
1219,0.39,Very Good,F,VS2,61.4,57.0,4.71,4.73,2.9,746
1220,1.61,Very Good,H,SI1,62.3,58.0,7.44,7.51,4.66,9818
1221,1.5,Good,J,SI2,63.6,62.0,7.22,7.24,4.59,5287
1222,,Ideal,,VS1,62.5,57.0,4.7,4.73,2.94,711
1223,0.31,Ideal,H,VS2,61.9,55.0,4.32,4.37,2.69,646
1224,0.4,Ideal,G,VS1,62.8,56.0,4.74,4.79,2.98,1085
1225,0.34,Premium,H,SI1,62.7,58.0,4.47,4.5,2.81,574
1226,1.01,Very Good,I,SI1,63.3,56.0,6.4,6.33,4.02,4200
1227,0.3,Very Good,J,VS1,63.2,59.0,4.2,4.24,2.66,394
1228,,Ideal,,SI1,62.3,55.0,5.09,5.13,3.19,1131
1229,0.4,Very Good,G,VS2,62.9,57.0,4.67,4.7,2.95,772
1230,0.7,Very Good,G,SI1,62.7,58.0,5.7,5.74,3.58,2040
1231,1.01,Premium,,SI1,62.4,58.0,6.4,6.43,3.99,4685
1232,0.72,Very Good,,SI1,62.5,60.0,5.65,5.72,3.55,2212
1233,2.39,Premium,I,SI2,60.6,59.0,8.68,8.65,5.21,11195
1234,,Very Good,J,SI1,61.1,58.0,7.04,6.99,4.27,6332
1235,0.32,Ideal,H,VS1,62.5,56.0,4.31,4.35,2.71,524
1236,1.03,Premium,,VS1,63.0,58.0,6.45,6.38,4.04,5438
1237,0.56,Very Good,,VVS2,60.3,57.0,5.32,5.36,3.22,1696
1238,0.34,Ideal,G,IF,61.3,54.0,4.55,4.53,2.78,979
1239,,Very Good,G,VS2,61.2,57.0,4.45,4.42,2.72,743
1240,0.41,Premium,E,SI1,60.0,58.0,4.82,4.85,2.9,755
1241,1.21,Very Good,G,VVS2,61.8,58.0,6.78,6.81,4.19,9123
1242,0.53,Ideal,E,SI2,62.2,56.0,5.21,5.18,3.23,1163
1243,1.02,Ideal,F,SI2,62.2,56.0,6.41,6.43,3.99,5176
1244,1.22,Premium,I,VS1,62.6,59.0,6.8,6.76,4.24,6012
1245,,Premium,G,VS2,61.7,57.0,6.57,6.62,4.07,6230
1246,0.52,Ideal,E,VVS1,61.8,56.0,5.18,5.22,3.22,2685
1247,0.3,Ideal,G,VVS2,62.5,57.0,4.32,4.3,2.7,878
1248,0.35,Premium,F,SI1,62.8,58.0,4.54,4.5,2.84,706
1249,0.34,Premium,I,VS1,61.9,58.0,4.5,4.53,2.79,537
